갈취 대화,기타 괴롭힘 대화,일반 대화,직장 내 괴롭힘 대화,협박 대화,max_val,label,new_label
0.9533395171165466,0.03674161061644554,0.035063039511442184,0.0424177311360836,0.04233427718281746,0.9533395171165466,갈취 대화,갈취 대화
0.04292537271976471,0.05020149424672127,0.02609783224761486,0.9474654197692871,0.03247682750225067,0.9474654197692871,직장 내 괴롭힘 대화,직장 내 괴롭힘 대화
0.038650065660476685,0.0848715603351593,0.020751556381583214,0.9297804236412048,0.02875443361699581,0.9297804236412048,직장 내 괴롭힘 대화,직장 내 괴롭힘 대화
0.02361368201673031,0.4143185317516327,0.3822527229785919,0.02063068374991417,0.016216034069657326,0.4143185317516327,기타 괴롭힘 대화,기타 괴롭힘 대화
0.5758634805679321,0.42687180638313293,0.006124189123511314,0.04506305232644081,0.02995685301721096,0.5758634805679321,갈취 대화,갈취 대화
0.0841108039021492,0.04360344260931015,0.024018222466111183,0.02375328168272972,0.9053977727890015,0.9053977727890015,협박 대화,협박 대화
0.06691544502973557,0.04074034094810486,0.025539765134453773,0.035510625690221786,0.9345097541809082,0.9345097541809082,협박 대화,협박 대화
0.9156275391578674,0.10587789118289948,0.019412929192185402,0.024688100442290306,0.029933810234069824,0.9156275391578674,갈취 대화,갈취 대화
0.021839922294020653,0.45165300369262695,0.15311108529567719,0.10041765123605728,0.013155621476471424,0.45165300369262695,기타 괴롭힘 대화,기타 괴롭힘 대화
0.9542608261108398,0.039890460669994354,0.035912543535232544,0.043453555554151535,0.03764365240931511,0.9542608261108398,갈취 대화,갈취 대화
0.06216480955481529,0.044816091656684875,0.02571139484643936,0.029739756137132645,0.9282824397087097,0.9282824397087097,협박 대화,협박 대화
0.025576138868927956,0.1651344895362854,0.8006664514541626,0.030546626076102257,0.014315543696284294,0.8006664514541626,일반 대화,일반 대화
0.041588716208934784,0.06560558080673218,0.02323228120803833,0.9406598806381226,0.029200121760368347,0.9406598806381226,직장 내 괴롭힘 대화,직장 내 괴롭힘 대화
0.03348846733570099,0.04716254025697708,0.034195203334093094,0.9402954578399658,0.030826115980744362,0.9402954578399658,직장 내 괴롭힘 대화,직장 내 괴롭힘 대화
0.040775492787361145,0.05413541942834854,0.02818903885781765,0.9479172825813293,0.03000224009156227,0.9479172825813293,직장 내 괴롭힘 대화,직장 내 괴롭힘 대화
0.207248255610466,0.050828367471694946,0.010757075622677803,0.01912282034754753,0.7514018416404724,0.7514018416404724,협박 대화,협박 대화
0.02071746066212654,0.0943794772028923,0.727299690246582,0.027708617970347404,0.042233631014823914,0.727299690246582,일반 대화,일반 대화
0.03541421517729759,0.8789151906967163,0.022163597866892815,0.1209937334060669,0.02237803116440773,0.8789151906967163,기타 괴롭힘 대화,기타 괴롭힘 대화
0.08577192574739456,0.041913557797670364,0.020893359556794167,0.02909034676849842,0.9175645112991333,0.9175645112991333,협박 대화,협박 대화
0.18300768733024597,0.8395064473152161,0.011537563987076283,0.02736623026430607,0.02667979709804058,0.8395064473152161,기타 괴롭힘 대화,기타 괴롭힘 대화
0.05642874166369438,0.04308610036969185,0.02946118824183941,0.034977152943611145,0.93727046251297,0.93727046251297,협박 대화,협박 대화
0.03679908066987991,0.9425014853477478,0.026419710367918015,0.03566969558596611,0.05142104625701904,0.9425014853477478,기타 괴롭힘 대화,기타 괴롭힘 대화
0.04197017475962639,0.9245734810829163,0.020726706832647324,0.02306736633181572,0.07846314460039139,0.9245734810829163,기타 괴롭힘 대화,기타 괴롭힘 대화
0.9519495368003845,0.03544424846768379,0.0341101735830307,0.041379157453775406,0.044408589601516724,0.9519495368003845,갈취 대화,갈취 대화
0.950748085975647,0.03618888929486275,0.03638656809926033,0.04314759001135826,0.03806115686893463,0.950748085975647,갈취 대화,갈취 대화
0.035570718348026276,0.05433180555701256,0.030270317569375038,0.9484807848930359,0.03282247483730316,0.9484807848930359,직장 내 괴롭힘 대화,직장 내 괴롭힘 대화
0.07067830115556717,0.8886002898216248,0.01860165223479271,0.02596571296453476,0.03442646563053131,0.8886002898216248,기타 괴롭힘 대화,기타 괴롭힘 대화
0.04271942004561424,0.7574553489685059,0.09757787734270096,0.033497389405965805,0.02116977795958519,0.7574553489685059,기타 괴롭힘 대화,기타 괴롭힘 대화
0.03830358758568764,0.05687270313501358,0.025591425597667694,0.9436907768249512,0.03258226811885834,0.9436907768249512,직장 내 괴롭힘 대화,직장 내 괴롭힘 대화
0.620977520942688,0.1815321296453476,0.016258154064416885,0.018916014581918716,0.023128537461161613,0.620977520942688,갈취 대화,갈취 대화
0.9533572793006897,0.03647278994321823,0.03487829491496086,0.041654013097286224,0.04290437698364258,0.9533572793006897,갈취 대화,갈취 대화
0.11430821567773819,0.04012483358383179,0.019942987710237503,0.021918905898928642,0.8891693949699402,0.8891693949699402,협박 대화,협박 대화
0.04639270529150963,0.9270447492599487,0.026034651324152946,0.05898573622107506,0.025029413402080536,0.9270447492599487,기타 괴롭힘 대화,기타 괴롭힘 대화
0.7878900170326233,0.08399158716201782,0.006817604415118694,0.0696791261434555,0.04352005943655968,0.7878900170326233,갈취 대화,갈취 대화
0.03284294530749321,0.48442280292510986,0.009742192924022675,0.015517590567469597,0.47832605242729187,0.48442280292510986,기타 괴롭힘 대화,기타 괴롭힘 대화
0.9353452920913696,0.06563811004161835,0.024828119203448296,0.03287995979189873,0.029502978548407555,0.9353452920913696,갈취 대화,갈취 대화
0.8934618830680847,0.13851504027843475,0.015677019953727722,0.02139923721551895,0.0357128381729126,0.8934618830680847,갈취 대화,갈취 대화
0.5848958492279053,0.02132999338209629,0.013986991718411446,0.021700263023376465,0.48940539360046387,0.5848958492279053,갈취 대화,갈취 대화
0.05153042450547218,0.06267859041690826,0.015095014125108719,0.04629422724246979,0.8921481966972351,0.8921481966972351,협박 대화,협박 대화
0.950125515460968,0.03685658425092697,0.03138387203216553,0.04107300564646721,0.04476698487997055,0.950125515460968,갈취 대화,갈취 대화
0.06475953757762909,0.056807998567819595,0.01805412955582142,0.029662828892469406,0.8976101875305176,0.8976101875305176,협박 대화,협박 대화
0.938264787197113,0.06582527607679367,0.024112479761242867,0.031867511570453644,0.03259263187646866,0.938264787197113,갈취 대화,갈취 대화
0.9272311329841614,0.03271417319774628,0.023574037477374077,0.09313562512397766,0.03557631000876427,0.9272311329841614,갈취 대화,갈취 대화
0.8623611927032471,0.02438441850244999,0.019160699099302292,0.023996062576770782,0.17340372502803802,0.8623611927032471,갈취 대화,갈취 대화
0.02014157362282276,0.6370038986206055,0.328342467546463,0.019044706597924232,0.023036722093820572,0.6370038986206055,기타 괴롭힘 대화,기타 괴롭힘 대화
0.041859306395053864,0.04699413478374481,0.027573544532060623,0.9498291611671448,0.032726842910051346,0.9498291611671448,직장 내 괴롭힘 대화,직장 내 괴롭힘 대화
0.06571292877197266,0.0513283796608448,0.023245876654982567,0.032138124108314514,0.9255632162094116,0.9255632162094116,협박 대화,협박 대화
0.13575345277786255,0.8219886422157288,0.011081572622060776,0.013066823594272137,0.07652424275875092,0.8219886422157288,기타 괴롭힘 대화,기타 괴롭힘 대화
0.03595294803380966,0.06991671770811081,0.9356482028961182,0.02751578576862812,0.024612052366137505,0.9356482028961182,일반 대화,일반 대화
0.05412599816918373,0.04761408269405365,0.027024921029806137,0.029890108853578568,0.9278027415275574,0.9278027415275574,협박 대화,협박 대화
0.9537965059280396,0.04346413165330887,0.03595264256000519,0.04227686673402786,0.03499874100089073,0.9537965059280396,갈취 대화,갈취 대화
0.054844748228788376,0.9333740472793579,0.025940990075469017,0.030476609244942665,0.0371907614171505,0.9333740472793579,기타 괴롭힘 대화,기타 괴롭힘 대화
0.9479771256446838,0.04015837237238884,0.032097432762384415,0.04036770015954971,0.03867721930146217,0.9479771256446838,갈취 대화,갈취 대화
0.03597911447286606,0.052004747092723846,0.029651420190930367,0.9482539296150208,0.03391129896044731,0.9482539296150208,직장 내 괴롭힘 대화,직장 내 괴롭힘 대화
0.044374920427799225,0.04717468097805977,0.029739955440163612,0.9484677314758301,0.030576113611459732,0.9484677314758301,직장 내 괴롭힘 대화,직장 내 괴롭힘 대화
0.07785247266292572,0.9206286668777466,0.016432447358965874,0.02507951483130455,0.04802808165550232,0.9206286668777466,기타 괴롭힘 대화,기타 괴롭힘 대화
0.05068991705775261,0.903161346912384,0.016585716977715492,0.018866252154111862,0.08868477493524551,0.903161346912384,기타 괴롭힘 대화,기타 괴롭힘 대화
0.03426559641957283,0.04594944044947624,0.9561877250671387,0.029542455449700356,0.03417547047138214,0.9561877250671387,일반 대화,일반 대화
0.035323694348335266,0.9488106966018677,0.041547369211912155,0.038981903344392776,0.04174184426665306,0.9488106966018677,기타 괴롭힘 대화,기타 괴롭힘 대화
0.060369621962308884,0.9247176051139832,0.013872542418539524,0.041447047144174576,0.04257534071803093,0.9247176051139832,기타 괴롭힘 대화,기타 괴롭힘 대화
0.950131893157959,0.04934848099946976,0.027768252417445183,0.03796965256333351,0.041171491146087646,0.950131893157959,갈취 대화,갈취 대화
0.08035551756620407,0.5534653663635254,0.007459965534508228,0.01479628961533308,0.345137357711792,0.5534653663635254,기타 괴롭힘 대화,기타 괴롭힘 대화
0.36550432443618774,0.031421951949596405,0.006879961118102074,0.053981002420186996,0.43497806787490845,0.43497806787490845,협박 대화,협박 대화
0.04140912741422653,0.9423673152923584,0.022800318896770477,0.05117451772093773,0.03728697821497917,0.9423673152923584,기타 괴롭힘 대화,기타 괴롭힘 대화
0.04013035073876381,0.058313917368650436,0.027287671342492104,0.945743978023529,0.02886250615119934,0.945743978023529,직장 내 괴롭힘 대화,직장 내 괴롭힘 대화
0.06732385605573654,0.05585324764251709,0.018321434035897255,0.030226927250623703,0.9172069430351257,0.9172069430351257,협박 대화,협박 대화
0.04448485001921654,0.879652738571167,0.016418596729636192,0.01628839038312435,0.13228382170200348,0.879652738571167,기타 괴롭힘 대화,기타 괴롭힘 대화
0.04126123711466789,0.9248427748680115,0.022422686219215393,0.029970280826091766,0.06883666664361954,0.9248427748680115,기타 괴롭힘 대화,기타 괴롭힘 대화
0.3570747971534729,0.5466200709342957,0.007528520189225674,0.017961952835321426,0.07224387675523758,0.5466200709342957,기타 괴롭힘 대화,기타 괴롭힘 대화
0.5518410801887512,0.025277037173509598,0.013874363154172897,0.019559968262910843,0.547828733921051,0.5518410801887512,갈취 대화,갈취 대화
0.03740173205733299,0.6708453893661499,0.011133246123790741,0.025822777301073074,0.16693538427352905,0.6708453893661499,기타 괴롭힘 대화,기타 괴롭힘 대화
0.03860669210553169,0.054693255573511124,0.02877308428287506,0.9467573165893555,0.029794609174132347,0.9467573165893555,직장 내 괴롭힘 대화,직장 내 괴롭힘 대화
0.041688986122608185,0.9521229863166809,0.03653103858232498,0.04110109061002731,0.03991793841123581,0.9521229863166809,기타 괴롭힘 대화,기타 괴롭힘 대화
0.038613107055425644,0.05066344887018204,0.02979866974055767,0.9513858556747437,0.031844362616539,0.9513858556747437,직장 내 괴롭힘 대화,직장 내 괴롭힘 대화
0.07729797065258026,0.046451736241579056,0.020013857632875443,0.029302380979061127,0.9184907078742981,0.9184907078742981,협박 대화,협박 대화
0.02653934247791767,0.06530848145484924,0.05439814180135727,0.9074323773384094,0.020278200507164,0.9074323773384094,직장 내 괴롭힘 대화,직장 내 괴롭힘 대화
0.038279782980680466,0.07303480803966522,0.021731773391366005,0.9401276707649231,0.02917187660932541,0.9401276707649231,직장 내 괴롭힘 대화,직장 내 괴롭힘 대화
0.5608357787132263,0.22159908711910248,0.005641266703605652,0.03770642355084419,0.04118678718805313,0.5608357787132263,갈취 대화,갈취 대화
0.04291469603776932,0.08230719715356827,0.02368747442960739,0.9292912483215332,0.02303142659366131,0.9292912483215332,직장 내 괴롭힘 대화,직장 내 괴롭힘 대화
0.0195123553276062,0.7425593733787537,0.05121726542711258,0.05583512783050537,0.03226739913225174,0.7425593733787537,기타 괴롭힘 대화,기타 괴롭힘 대화
0.7149192094802856,0.2596522867679596,0.014102775603532791,0.023792583495378494,0.01783108338713646,0.7149192094802856,갈취 대화,갈취 대화
0.06306738406419754,0.040009547024965286,0.026524607092142105,0.034605517983436584,0.9335583448410034,0.9335583448410034,협박 대화,협박 대화
0.25745269656181335,0.19195663928985596,0.010349800810217857,0.038820941001176834,0.08275473117828369,0.25745269656181335,갈취 대화,일반 대화
0.08522866666316986,0.04044336453080177,0.020782120525836945,0.027992401272058487,0.9110924005508423,0.9110924005508423,협박 대화,협박 대화
0.043288398534059525,0.9324221611022949,0.03299770876765251,0.03453177586197853,0.04056983068585396,0.9324221611022949,기타 괴롭힘 대화,기타 괴롭힘 대화
0.4681949019432068,0.055034998804330826,0.004429168533533812,0.08388419449329376,0.166311576962471,0.4681949019432068,갈취 대화,갈취 대화
0.8117473125457764,0.022379450500011444,0.01634754054248333,0.02354181557893753,0.24039553105831146,0.8117473125457764,갈취 대화,갈취 대화
0.02350960485637188,0.13692393898963928,0.7886070013046265,0.028980979695916176,0.016657687723636627,0.7886070013046265,일반 대화,일반 대화
0.9495394825935364,0.05077706649899483,0.02939728833734989,0.044928085058927536,0.03315876051783562,0.9495394825935364,갈취 대화,갈취 대화
0.04823429882526398,0.058229487389326096,0.03183803707361221,0.9041162133216858,0.017581593245267868,0.9041162133216858,직장 내 괴롭힘 대화,직장 내 괴롭힘 대화
0.0560966320335865,0.03600938245654106,0.03115267865359783,0.03714827820658684,0.9268044233322144,0.9268044233322144,협박 대화,협박 대화
0.03815983980894089,0.0540185384452343,0.027026241645216942,0.9475423097610474,0.03191768005490303,0.9475423097610474,직장 내 괴롭힘 대화,직장 내 괴롭힘 대화
0.05859580263495445,0.04382609948515892,0.026685114949941635,0.035431869328022,0.9379467964172363,0.9379467964172363,협박 대화,협박 대화
0.11482658982276917,0.8812940716743469,0.028653347864747047,0.02027447707951069,0.02778775617480278,0.8812940716743469,기타 괴롭힘 대화,기타 괴롭힘 대화
0.032388657331466675,0.9225555062294006,0.025065166875720024,0.02754088118672371,0.0639919638633728,0.9225555062294006,기타 괴롭힘 대화,기타 괴롭힘 대화
0.037750162184238434,0.054694730788469315,0.02758602425456047,0.946308434009552,0.03050297126173973,0.946308434009552,직장 내 괴롭힘 대화,직장 내 괴롭힘 대화
0.7262486219406128,0.2632405161857605,0.01425957027822733,0.021152572706341743,0.029070742428302765,0.7262486219406128,갈취 대화,갈취 대화
0.061678845435380936,0.047338586300611496,0.019294438883662224,0.9295783638954163,0.03046218678355217,0.9295783638954163,직장 내 괴롭힘 대화,직장 내 괴롭힘 대화
0.8474886417388916,0.020980972796678543,0.01977180875837803,0.025470107793807983,0.19434429705142975,0.8474886417388916,갈취 대화,갈취 대화
0.04858146980404854,0.03774835169315338,0.011757924221456051,0.8358770608901978,0.08960241824388504,0.8358770608901978,직장 내 괴롭힘 대화,직장 내 괴롭힘 대화
0.5434291362762451,0.48770999908447266,0.010127208195626736,0.019542519003152847,0.030948875471949577,0.5434291362762451,갈취 대화,갈취 대화
0.9478919506072998,0.03753482922911644,0.03078155778348446,0.03822072222828865,0.04494140297174454,0.9478919506072998,갈취 대화,갈취 대화
0.015607462264597416,0.5839183330535889,0.12534207105636597,0.1005248874425888,0.023026876151561737,0.5839183330535889,기타 괴롭힘 대화,기타 괴롭힘 대화
0.08011098951101303,0.04068150743842125,0.020204070955514908,0.031981877982616425,0.918949544429779,0.918949544429779,협박 대화,협박 대화
0.04832123592495918,0.07617199420928955,0.013124660588800907,0.9043581485748291,0.04222867637872696,0.9043581485748291,직장 내 괴롭힘 대화,직장 내 괴롭힘 대화
0.038219768553972244,0.05056306719779968,0.03179614245891571,0.9471549987792969,0.030755216255784035,0.9471549987792969,직장 내 괴롭힘 대화,직장 내 괴롭힘 대화
0.04437386244535446,0.059418853372335434,0.022458575665950775,0.9418883323669434,0.031186530366539955,0.9418883323669434,직장 내 괴롭힘 대화,직장 내 괴롭힘 대화
0.05630645155906677,0.9314379096031189,0.020478852093219757,0.025808220729231834,0.046428002417087555,0.9314379096031189,기타 괴롭힘 대화,기타 괴롭힘 대화
0.03498397767543793,0.8434004783630371,0.04688431695103645,0.04307727515697479,0.023652251809835434,0.8434004783630371,기타 괴롭힘 대화,기타 괴롭힘 대화
0.08838161826133728,0.03823746740818024,0.020199116319417953,0.028752397745847702,0.9114708304405212,0.9114708304405212,협박 대화,협박 대화
0.39768630266189575,0.3208984434604645,0.0069951810874044895,0.021077683195471764,0.05303426459431648,0.39768630266189575,갈취 대화,일반 대화
0.05852028727531433,0.04849088937044144,0.02584950625896454,0.031239371746778488,0.9323371052742004,0.9323371052742004,협박 대화,협박 대화
0.7778651714324951,0.021868381649255753,0.013004971668124199,0.034924425184726715,0.2779098153114319,0.7778651714324951,갈취 대화,갈취 대화
0.04171860218048096,0.060707688331604004,0.02341447025537491,0.9439648985862732,0.02930738776922226,0.9439648985862732,직장 내 괴롭힘 대화,직장 내 괴롭힘 대화
0.9490092396736145,0.05643192306160927,0.027989359572529793,0.03553687781095505,0.03564950078725815,0.9490092396736145,갈취 대화,갈취 대화
0.9518144130706787,0.034091003239154816,0.03614433854818344,0.04035807028412819,0.046144068241119385,0.9518144130706787,갈취 대화,갈취 대화
0.19794045388698578,0.11623292416334152,0.10298561304807663,0.05987868458032608,0.00931235309690237,0.19794045388698578,갈취 대화,일반 대화
0.042121123522520065,0.05834144353866577,0.030904745683073997,0.9470952153205872,0.028481341898441315,0.9470952153205872,직장 내 괴롭힘 대화,직장 내 괴롭힘 대화
0.05418602004647255,0.051650870591402054,0.024904407560825348,0.9416205883026123,0.026959102600812912,0.9416205883026123,직장 내 괴롭힘 대화,직장 내 괴롭힘 대화
0.9486367702484131,0.036306094378232956,0.033613644540309906,0.03796669840812683,0.042668893933296204,0.9486367702484131,갈취 대화,갈취 대화
0.11681848019361496,0.038256820291280746,0.013215587474405766,0.883885383605957,0.029159387573599815,0.883885383605957,직장 내 괴롭힘 대화,직장 내 괴롭힘 대화
0.39827868342399597,0.1981775164604187,0.0056222169660031796,0.2522178292274475,0.0166914239525795,0.39827868342399597,갈취 대화,일반 대화
0.7428520917892456,0.17855316400527954,0.010439788922667503,0.013893994502723217,0.0683276578783989,0.7428520917892456,갈취 대화,갈취 대화
0.946533203125,0.04037502408027649,0.027379000559449196,0.03792371228337288,0.047295909374952316,0.946533203125,갈취 대화,갈취 대화
0.946405291557312,0.031731296330690384,0.035994190722703934,0.040719375014305115,0.051566679030656815,0.946405291557312,갈취 대화,갈취 대화
0.9541859030723572,0.04227790981531143,0.035096168518066406,0.039861034601926804,0.038862936198711395,0.9541859030723572,갈취 대화,갈취 대화
0.38307687640190125,0.028984280303120613,0.012961562722921371,0.6602835655212402,0.020630240440368652,0.6602835655212402,직장 내 괴롭힘 대화,직장 내 괴롭힘 대화
0.2381400465965271,0.08558911085128784,0.005690222140401602,0.044518131762742996,0.3408457040786743,0.3408457040786743,협박 대화,일반 대화
0.9526380896568298,0.036404140293598175,0.03652771934866905,0.04171757027506828,0.041148655116558075,0.9526380896568298,갈취 대화,갈취 대화
0.02431132271885872,0.8378610610961914,0.11607414484024048,0.01886257342994213,0.03428880125284195,0.8378610610961914,기타 괴롭힘 대화,기타 괴롭힘 대화
0.04813598468899727,0.9339029788970947,0.02715154178440571,0.024579927325248718,0.049748849123716354,0.9339029788970947,기타 괴롭힘 대화,기타 괴롭힘 대화
0.04260661453008652,0.9449982643127441,0.027101118117570877,0.04348395764827728,0.034934815019369125,0.9449982643127441,기타 괴롭힘 대화,기타 괴롭힘 대화
0.05774439126253128,0.5502759218215942,0.008288677781820297,0.4418011009693146,0.015352931804955006,0.5502759218215942,기타 괴롭힘 대화,기타 괴롭힘 대화
0.055109456181526184,0.9421358704566956,0.030647259205579758,0.032651808112859726,0.03438681364059448,0.9421358704566956,기타 괴롭힘 대화,기타 괴롭힘 대화
0.8876041173934937,0.05137135088443756,0.016465526074171066,0.017318522557616234,0.11564645171165466,0.8876041173934937,갈취 대화,갈취 대화
0.05905192717909813,0.047032780945301056,0.02618112415075302,0.03158371523022652,0.9349812865257263,0.9349812865257263,협박 대화,협박 대화
0.029088737443089485,0.7139472961425781,0.010813071392476559,0.01816559210419655,0.2944023609161377,0.7139472961425781,기타 괴롭힘 대화,기타 괴롭힘 대화
0.06705300509929657,0.04452187567949295,0.023563425987958908,0.03592376410961151,0.9257932305335999,0.9257932305335999,협박 대화,협박 대화
0.05745258554816246,0.9363346695899963,0.02498902566730976,0.03784371167421341,0.029999366030097008,0.9363346695899963,기타 괴롭힘 대화,기타 괴롭힘 대화
0.033947523683309555,0.7847318649291992,0.019280828535556793,0.1266210824251175,0.02228521928191185,0.7847318649291992,기타 괴롭힘 대화,기타 괴롭힘 대화
0.04143347963690758,0.3315218389034271,0.012107239104807377,0.013036959804594517,0.6609496474266052,0.6609496474266052,협박 대화,협박 대화
0.030362335965037346,0.9322624802589417,0.04002457857131958,0.05424659699201584,0.029747717082500458,0.9322624802589417,기타 괴롭힘 대화,기타 괴롭힘 대화
0.9515581130981445,0.036097776144742966,0.03649386763572693,0.04349372535943985,0.03903789073228836,0.9515581130981445,갈취 대화,갈취 대화
0.04187057167291641,0.9411014914512634,0.030851058661937714,0.03624973073601723,0.037502359598875046,0.9411014914512634,기타 괴롭힘 대화,기타 괴롭힘 대화
0.05190536379814148,0.04845995455980301,0.014364035800099373,0.9142486453056335,0.05102475360035896,0.9142486453056335,직장 내 괴롭힘 대화,직장 내 괴롭힘 대화
0.05848010629415512,0.042287856340408325,0.031279899179935455,0.0356522798538208,0.9416395425796509,0.9416395425796509,협박 대화,협박 대화
0.05280662700533867,0.04133303090929985,0.03448379412293434,0.03602920100092888,0.9408685564994812,0.9408685564994812,협박 대화,협박 대화
0.1942460685968399,0.035743433982133865,0.015149327926337719,0.02010953053832054,0.836736261844635,0.836736261844635,협박 대화,협박 대화
0.03935510292649269,0.822799801826477,0.013950750231742859,0.01529501099139452,0.14524708688259125,0.822799801826477,기타 괴롭힘 대화,기타 괴롭힘 대화
0.9523524641990662,0.039921995252370834,0.035455264151096344,0.044319044798612595,0.03779413923621178,0.9523524641990662,갈취 대화,갈취 대화
0.0681082233786583,0.04282405227422714,0.021194161847233772,0.035156022757291794,0.9196243286132812,0.9196243286132812,협박 대화,협박 대화
0.038818951696157455,0.8557335734367371,0.015287794172763824,0.015365456230938435,0.14154960215091705,0.8557335734367371,기타 괴롭힘 대화,기타 괴롭힘 대화
0.6678144335746765,0.1341506540775299,0.008340569213032722,0.01998060569167137,0.08725524693727493,0.6678144335746765,갈취 대화,갈취 대화
0.9404957294464111,0.0474359355866909,0.027498086914420128,0.041514258831739426,0.03560128062963486,0.9404957294464111,갈취 대화,갈취 대화
0.022425252944231033,0.7813476920127869,0.023992478847503662,0.2507570683956146,0.02124125510454178,0.7813476920127869,기타 괴롭힘 대화,기타 괴롭힘 대화
0.037235110998153687,0.904417097568512,0.037516504526138306,0.04396706819534302,0.030242208391427994,0.904417097568512,기타 괴롭힘 대화,기타 괴롭힘 대화
0.08264593780040741,0.04552805423736572,0.01997661218047142,0.0297173373401165,0.9118942022323608,0.9118942022323608,협박 대화,협박 대화
0.04095025360584259,0.04918140172958374,0.028317011892795563,0.9476010799407959,0.03142205998301506,0.9476010799407959,직장 내 괴롭힘 대화,직장 내 괴롭힘 대화
0.031232085078954697,0.9395145773887634,0.03981954604387283,0.042083144187927246,0.03846866264939308,0.9395145773887634,기타 괴롭힘 대화,기타 괴롭힘 대화
0.0372355654835701,0.9387937784194946,0.027314528822898865,0.03606218844652176,0.04467896372079849,0.9387937784194946,기타 괴롭힘 대화,기타 괴롭힘 대화
0.059052035212516785,0.04168519377708435,0.026926670223474503,0.03864237666130066,0.9387341141700745,0.9387341141700745,협박 대화,협박 대화
0.05897406488656998,0.9368845224380493,0.02724371664226055,0.036601416766643524,0.03136882185935974,0.9368845224380493,기타 괴롭힘 대화,기타 괴롭힘 대화
0.0728485956788063,0.08115104585886002,0.014658749103546143,0.6643164157867432,0.029729830101132393,0.6643164157867432,직장 내 괴롭힘 대화,직장 내 괴롭힘 대화
0.058444347232580185,0.04526415839791298,0.025737375020980835,0.03394593670964241,0.935887336730957,0.935887336730957,협박 대화,협박 대화
0.05097845941781998,0.920891523361206,0.01572992466390133,0.05485827103257179,0.040406618267297745,0.920891523361206,기타 괴롭힘 대화,기타 괴롭힘 대화
0.035988956689834595,0.941048264503479,0.03442328795790672,0.04261617735028267,0.035954494029283524,0.941048264503479,기타 괴롭힘 대화,기타 괴롭힘 대화
0.04497261345386505,0.04874827712774277,0.02991669625043869,0.9490588903427124,0.030162598937749863,0.9490588903427124,직장 내 괴롭힘 대화,직장 내 괴롭힘 대화
0.033443015068769455,0.061699848622083664,0.8261693716049194,0.04781685024499893,0.01352777611464262,0.8261693716049194,일반 대화,일반 대화
0.03398030623793602,0.942625880241394,0.027662072330713272,0.03630906343460083,0.053062159568071365,0.942625880241394,기타 괴롭힘 대화,기타 괴롭힘 대화
0.8485974669456482,0.18999694287776947,0.015383359044790268,0.021659869700670242,0.027967404574155807,0.8485974669456482,갈취 대화,갈취 대화
0.07339709252119064,0.0444292351603508,0.020921699702739716,0.03261251375079155,0.9162260293960571,0.9162260293960571,협박 대화,협박 대화
0.03600262850522995,0.05885600671172142,0.027881840243935585,0.9476944208145142,0.0330142043530941,0.9476944208145142,직장 내 괴롭힘 대화,직장 내 괴롭힘 대화
0.04199687018990517,0.05519955977797508,0.025147365406155586,0.9453887939453125,0.030852176249027252,0.9453887939453125,직장 내 괴롭힘 대화,직장 내 괴롭힘 대화
0.13416630029678345,0.884800136089325,0.012830584309995174,0.03272044286131859,0.030631639063358307,0.884800136089325,기타 괴롭힘 대화,기타 괴롭힘 대화
0.20770898461341858,0.7416310906410217,0.006272574421018362,0.03801165148615837,0.03440188989043236,0.7416310906410217,기타 괴롭힘 대화,기타 괴롭힘 대화
0.04676926136016846,0.9394312500953674,0.02994394116103649,0.03880927339196205,0.03173673152923584,0.9394312500953674,기타 괴롭힘 대화,기타 괴롭힘 대화
0.10187914967536926,0.05389166623353958,0.015703421086072922,0.02703961171209812,0.8986412882804871,0.8986412882804871,협박 대화,협박 대화
0.036929987370967865,0.050900086760520935,0.028577595949172974,0.9468469023704529,0.03219808265566826,0.9468469023704529,직장 내 괴롭힘 대화,직장 내 괴롭힘 대화
0.6955214738845825,0.37797051668167114,0.010768027044832706,0.013279722072184086,0.05453817918896675,0.6955214738845825,갈취 대화,갈취 대화
0.26637521386146545,0.6444513201713562,0.0075050839222967625,0.013244341127574444,0.06503400951623917,0.6444513201713562,기타 괴롭힘 대화,기타 괴롭힘 대화
0.04989815503358841,0.053908009082078934,0.018370067700743675,0.9338138103485107,0.03585236892104149,0.9338138103485107,직장 내 괴롭힘 대화,직장 내 괴롭힘 대화
0.0339556559920311,0.599314272403717,0.010606501251459122,0.01625446416437626,0.39304906129837036,0.599314272403717,기타 괴롭힘 대화,기타 괴롭힘 대화
0.23872341215610504,0.04192249849438667,0.01255385484546423,0.8031556606292725,0.018786275759339333,0.8031556606292725,직장 내 괴롭힘 대화,직장 내 괴롭힘 대화
0.040360227227211,0.08245354890823364,0.02177262306213379,0.9338655471801758,0.02655853144824505,0.9338655471801758,직장 내 괴롭힘 대화,직장 내 괴롭힘 대화
0.04586389660835266,0.09925350546836853,0.016722915694117546,0.02910039946436882,0.8880010843276978,0.8880010843276978,협박 대화,협박 대화
0.06778666377067566,0.9014379978179932,0.016565943136811256,0.06414085626602173,0.02604563534259796,0.9014379978179932,기타 괴롭힘 대화,기타 괴롭힘 대화
0.04532350227236748,0.7560354471206665,0.028401657938957214,0.11868537217378616,0.012906420044600964,0.7560354471206665,기타 괴롭힘 대화,기타 괴롭힘 대화
0.06181073561310768,0.043953411281108856,0.025712817907333374,0.03310082480311394,0.9335097074508667,0.9335097074508667,협박 대화,협박 대화
0.9196290373802185,0.026631789281964302,0.022639643400907516,0.03283988684415817,0.09982625395059586,0.9196290373802185,갈취 대화,갈취 대화
0.06097736209630966,0.15740205347537994,0.01084438618272543,0.020100338384509087,0.8129313588142395,0.8129313588142395,협박 대화,협박 대화
0.05281064659357071,0.04830513149499893,0.02664647065103054,0.0320533886551857,0.9327872395515442,0.9327872395515442,협박 대화,협박 대화
0.046125635504722595,0.9380156397819519,0.024683348834514618,0.04083217307925224,0.04184509441256523,0.9380156397819519,기타 괴롭힘 대화,기타 괴롭힘 대화
0.9504624605178833,0.037717465311288834,0.03281020745635033,0.04155021905899048,0.04423152655363083,0.9504624605178833,갈취 대화,갈취 대화
0.043764397501945496,0.9296175837516785,0.022164862602949142,0.03687414154410362,0.03983412683010101,0.9296175837516785,기타 괴롭힘 대화,기타 괴롭힘 대화
0.9564552307128906,0.04051274061203003,0.03823896497488022,0.04449504613876343,0.037024226039648056,0.9564552307128906,갈취 대화,갈취 대화
0.46218159794807434,0.24475769698619843,0.00397992180660367,0.04330768063664436,0.07206802815198898,0.46218159794807434,갈취 대화,갈취 대화
0.05644318461418152,0.38999998569488525,0.010535497218370438,0.009619586169719696,0.5542446970939636,0.5542446970939636,협박 대화,협박 대화
0.11798921972513199,0.06008899211883545,0.17133519053459167,0.3328849971294403,0.010326661169528961,0.3328849971294403,직장 내 괴롭힘 대화,일반 대화
0.047009147703647614,0.8849939703941345,0.01708400435745716,0.018656497821211815,0.0750265121459961,0.8849939703941345,기타 괴롭힘 대화,기타 괴롭힘 대화
0.06966890394687653,0.9102407693862915,0.01686466857790947,0.030706819146871567,0.039764076471328735,0.9102407693862915,기타 괴롭힘 대화,기타 괴롭힘 대화
0.03849131613969803,0.05133727565407753,0.027529485523700714,0.9492253065109253,0.03363032266497612,0.9492253065109253,직장 내 괴롭힘 대화,직장 내 괴롭힘 대화
0.07591821998357773,0.05805940553545952,0.01911870576441288,0.02567254565656185,0.90938401222229,0.90938401222229,협박 대화,협박 대화
0.0515618734061718,0.8927423357963562,0.016285128891468048,0.03293822705745697,0.045769430696964264,0.8927423357963562,기타 괴롭힘 대화,기타 괴롭힘 대화
0.31243816018104553,0.14886648952960968,0.004533322528004646,0.31991448998451233,0.01637333258986473,0.31991448998451233,직장 내 괴롭힘 대화,일반 대화
0.06267880648374557,0.0461624376475811,0.025064140558242798,0.03265613690018654,0.9346087574958801,0.9346087574958801,협박 대화,협박 대화
0.039824869483709335,0.9496023058891296,0.03724043816328049,0.03814857080578804,0.03687357157468796,0.9496023058891296,기타 괴롭힘 대화,기타 괴롭힘 대화
0.03772677853703499,0.051039163023233414,0.030354615300893784,0.9462104439735413,0.03191345930099487,0.9462104439735413,직장 내 괴롭힘 대화,직장 내 괴롭힘 대화
0.30028924345970154,0.04418330267071724,0.0037031692918390036,0.18500733375549316,0.2231907844543457,0.30028924345970154,갈취 대화,일반 대화
0.05214865878224373,0.11116727441549301,0.013239231891930103,0.8909432888031006,0.023730697110295296,0.8909432888031006,직장 내 괴롭힘 대화,직장 내 괴롭힘 대화
0.03741786628961563,0.05543261766433716,0.02700289897620678,0.9468387365341187,0.032069187611341476,0.9468387365341187,직장 내 괴롭힘 대화,직장 내 괴롭힘 대화
0.049299027770757675,0.162217378616333,0.01775246486067772,0.020676415413618088,0.7318111658096313,0.7318111658096313,협박 대화,협박 대화
0.5954705476760864,0.4932011663913727,0.014020049944519997,0.018362287431955338,0.01927267387509346,0.5954705476760864,갈취 대화,갈취 대화
0.08266891539096832,0.755807101726532,0.007381751202046871,0.01929357275366783,0.1139892041683197,0.755807101726532,기타 괴롭힘 대화,기타 괴롭힘 대화
0.12526381015777588,0.03961562737822533,0.01589754968881607,0.8782068490982056,0.026491709053516388,0.8782068490982056,직장 내 괴롭힘 대화,직장 내 괴롭힘 대화
0.7037562727928162,0.029292767867445946,0.012237642891705036,0.017092542722821236,0.36661988496780396,0.7037562727928162,갈취 대화,갈취 대화
0.031995128840208054,0.8388401865959167,0.1465260088443756,0.03278839588165283,0.018009021878242493,0.8388401865959167,기타 괴롭힘 대화,기타 괴롭힘 대화
0.021683869883418083,0.6946934461593628,0.21161217987537384,0.030206266790628433,0.0210138987749815,0.6946934461593628,기타 괴롭힘 대화,기타 괴롭힘 대화
0.014318014495074749,0.08023174107074738,0.6217445731163025,0.0455898642539978,0.02883996069431305,0.6217445731163025,일반 대화,일반 대화
0.09895619004964828,0.05990152806043625,0.016047628596425056,0.01867787353694439,0.8682129979133606,0.8682129979133606,협박 대화,협박 대화
0.0715024322271347,0.04373787343502045,0.020877385511994362,0.03403928875923157,0.926511287689209,0.926511287689209,협박 대화,협박 대화
0.9525248408317566,0.04304597154259682,0.03383089601993561,0.03760524466633797,0.037910282611846924,0.9525248408317566,갈취 대화,갈취 대화
0.05028422921895981,0.06518711894750595,0.03410741686820984,0.8668650388717651,0.027979377657175064,0.8668650388717651,직장 내 괴롭힘 대화,직장 내 괴롭힘 대화
0.1204451397061348,0.2598262429237366,0.006102708168327808,0.01480722613632679,0.5212454795837402,0.5212454795837402,협박 대화,협박 대화
0.042211610823869705,0.138748899102211,0.02442532777786255,0.039909183979034424,0.39766183495521545,0.39766183495521545,협박 대화,일반 대화
0.7229861617088318,0.021378835663199425,0.01581510342657566,0.020981550216674805,0.40472090244293213,0.7229861617088318,갈취 대화,갈취 대화
0.2577570974826813,0.05416470393538475,0.49549010396003723,0.027848204597830772,0.012356439605355263,0.49549010396003723,일반 대화,일반 대화
0.9231361150741577,0.04110092297196388,0.02274460904300213,0.07165680080652237,0.030237676575779915,0.9231361150741577,갈취 대화,갈취 대화
0.06397906690835953,0.0395059809088707,0.02534729242324829,0.0360180102288723,0.931388258934021,0.931388258934021,협박 대화,협박 대화
0.9458717107772827,0.03949085623025894,0.028320925310254097,0.03563116863369942,0.052391234785318375,0.9458717107772827,갈취 대화,갈취 대화
0.13613751530647278,0.03710886463522911,0.016471443697810173,0.02395002171397209,0.8884598612785339,0.8884598612785339,협박 대화,협박 대화
0.04167375713586807,0.04694589599967003,0.03023451752960682,0.9508337378501892,0.032102134078741074,0.9508337378501892,직장 내 괴롭힘 대화,직장 내 괴롭힘 대화
0.08120414614677429,0.05032648518681526,0.01922483928501606,0.023516230285167694,0.9056049585342407,0.9056049585342407,협박 대화,협박 대화
0.05241534858942032,0.9195567965507507,0.018459292128682137,0.024054571986198425,0.05432068556547165,0.9195567965507507,기타 괴롭힘 대화,기타 괴롭힘 대화
0.08516135811805725,0.8746830821037292,0.009849799796938896,0.02206500619649887,0.07329028099775314,0.8746830821037292,기타 괴롭힘 대화,기타 괴롭힘 대화
0.8603397011756897,0.06565287709236145,0.012282210402190685,0.017321817576885223,0.08711085468530655,0.8603397011756897,갈취 대화,갈취 대화
0.05689501762390137,0.9383173584938049,0.03131254017353058,0.03444993123412132,0.031192176043987274,0.9383173584938049,기타 괴롭힘 대화,기타 괴롭힘 대화
0.04042312502861023,0.9388584494590759,0.023363059386610985,0.034153662621974945,0.0484931617975235,0.9388584494590759,기타 괴롭힘 대화,기타 괴롭힘 대화
0.9531903862953186,0.034422773867845535,0.03595048934221268,0.04580244794487953,0.042967140674591064,0.9531903862953186,갈취 대화,갈취 대화
0.290895015001297,0.06962738186120987,0.009680350311100483,0.012151971459388733,0.6456250548362732,0.6456250548362732,협박 대화,협박 대화
0.033960260450839996,0.9300084114074707,0.026047358289361,0.03050963766872883,0.054746728390455246,0.9300084114074707,기타 괴롭힘 대화,기타 괴롭힘 대화
0.042073484510183334,0.9541183114051819,0.03423890843987465,0.040814854204654694,0.046823352575302124,0.9541183114051819,기타 괴롭힘 대화,기타 괴롭힘 대화
0.055905722081661224,0.9391140341758728,0.02443438582122326,0.03449273481965065,0.03568773716688156,0.9391140341758728,기타 괴롭힘 대화,기타 괴롭힘 대화
0.05087031051516533,0.9366254806518555,0.022467397153377533,0.04001306742429733,0.03918197378516197,0.9366254806518555,기타 괴롭힘 대화,기타 괴롭힘 대화
0.038525599986314774,0.04863095283508301,0.030069071799516678,0.9523924589157104,0.033920105546712875,0.9523924589157104,직장 내 괴롭힘 대화,직장 내 괴롭힘 대화
0.022668199613690376,0.21991762518882751,0.7088851928710938,0.04137725755572319,0.01503841858357191,0.7088851928710938,일반 대화,일반 대화
0.9550141096115112,0.039930183440446854,0.03869668394327164,0.04494068771600723,0.0370546393096447,0.9550141096115112,갈취 대화,갈취 대화
0.04819620028138161,0.04600413516163826,0.025442324578762054,0.9446886777877808,0.03186194226145744,0.9446886777877808,직장 내 괴롭힘 대화,직장 내 괴롭힘 대화
0.8094180822372437,0.25679469108581543,0.01346970722079277,0.01721372827887535,0.029438713565468788,0.8094180822372437,갈취 대화,갈취 대화
0.045521609485149384,0.04720086231827736,0.025560451671481133,0.9477022290229797,0.033704664558172226,0.9477022290229797,직장 내 괴롭힘 대화,직장 내 괴롭힘 대화
0.8888899087905884,0.04061787202954292,0.016464104875922203,0.027963580563664436,0.0917685255408287,0.8888899087905884,갈취 대화,갈취 대화
0.5330970883369446,0.02077440731227398,0.014837001450359821,0.022677361965179443,0.5736328959465027,0.5736328959465027,협박 대화,협박 대화
0.07489628344774246,0.24049940705299377,0.008966095745563507,0.7131541967391968,0.01703973300755024,0.7131541967391968,직장 내 괴롭힘 대화,직장 내 괴롭힘 대화
0.07700876891613007,0.0461626872420311,0.02132730558514595,0.028306826949119568,0.9231271743774414,0.9231271743774414,협박 대화,협박 대화
0.03591098636388779,0.05763661861419678,0.030429642647504807,0.9462266564369202,0.03062836080789566,0.9462266564369202,직장 내 괴롭힘 대화,직장 내 괴롭힘 대화
0.04152117669582367,0.05180627480149269,0.02592422254383564,0.9479548335075378,0.03255780041217804,0.9479548335075378,직장 내 괴롭힘 대화,직장 내 괴롭힘 대화
0.9427810311317444,0.06158795207738876,0.0270385704934597,0.032247401773929596,0.03176357224583626,0.9427810311317444,갈취 대화,갈취 대화
0.03466503694653511,0.8614791035652161,0.014815367758274078,0.042410317808389664,0.10239245742559433,0.8614791035652161,기타 괴롭힘 대화,기타 괴롭힘 대화
0.0767926350235939,0.04350396618247032,0.0237702839076519,0.9230145215988159,0.024851294234395027,0.9230145215988159,직장 내 괴롭힘 대화,직장 내 괴롭힘 대화
0.9532561302185059,0.04671652615070343,0.03410879150032997,0.041062209755182266,0.03540121018886566,0.9532561302185059,갈취 대화,갈취 대화
0.037896450608968735,0.05269714072346687,0.029121682047843933,0.9469391107559204,0.031800173223018646,0.9469391107559204,직장 내 괴롭힘 대화,직장 내 괴롭힘 대화
0.7042819261550903,0.16121840476989746,0.009732317179441452,0.07932931184768677,0.01618177816271782,0.7042819261550903,갈취 대화,갈취 대화
0.04988067224621773,0.9195579886436462,0.019605692476034164,0.07988639920949936,0.02934250794351101,0.9195579886436462,기타 괴롭힘 대화,기타 괴롭힘 대화
0.5366649627685547,0.035506803542375565,0.009853805415332317,0.019752932712435722,0.4991534352302551,0.5366649627685547,갈취 대화,갈취 대화
0.06337253749370575,0.9317260384559631,0.019752878695726395,0.03387303277850151,0.03641480952501297,0.9317260384559631,기타 괴롭힘 대화,기타 괴롭힘 대화
0.034934718161821365,0.052519138902425766,0.03166904300451279,0.945134699344635,0.03471630811691284,0.945134699344635,직장 내 괴롭힘 대화,직장 내 괴롭힘 대화
0.14352959394454956,0.8284617066383362,0.01875736191868782,0.02982424572110176,0.018755415454506874,0.8284617066383362,기타 괴롭힘 대화,기타 괴롭힘 대화
0.04072500020265579,0.9433929920196533,0.0288571584969759,0.032381635159254074,0.04542969912290573,0.9433929920196533,기타 괴롭힘 대화,기타 괴롭힘 대화
0.0232318714261055,0.058684878051280975,0.6065812110900879,0.030085034668445587,0.053899046033620834,0.6065812110900879,일반 대화,일반 대화
0.05980560556054115,0.8735963702201843,0.016900155693292618,0.060891684144735336,0.025555547326803207,0.8735963702201843,기타 괴롭힘 대화,기타 괴롭힘 대화
0.18052524328231812,0.7982514500617981,0.015541707165539265,0.01725928485393524,0.03165053203701973,0.7982514500617981,기타 괴롭힘 대화,기타 괴롭힘 대화
0.7571365833282471,0.021546730771660805,0.014424657449126244,0.02497221902012825,0.3266771137714386,0.7571365833282471,갈취 대화,갈취 대화
0.03826272487640381,0.8948619961738586,0.02403433434665203,0.025320805609226227,0.048832833766937256,0.8948619961738586,기타 괴롭힘 대화,기타 괴롭힘 대화
0.05215340480208397,0.0479772686958313,0.0333084762096405,0.032288145273923874,0.9376857280731201,0.9376857280731201,협박 대화,협박 대화
0.041359055787324905,0.055807169526815414,0.030397415161132812,0.9429876804351807,0.027723025530576706,0.9429876804351807,직장 내 괴롭힘 대화,직장 내 괴롭힘 대화
0.9302201271057129,0.03870391100645065,0.04406024515628815,0.03984994813799858,0.03124764934182167,0.9302201271057129,갈취 대화,갈취 대화
0.0382259301841259,0.052377235144376755,0.031321607530117035,0.9515039324760437,0.03172296658158302,0.9515039324760437,직장 내 괴롭힘 대화,직장 내 괴롭힘 대화
0.05531302094459534,0.04125219210982323,0.022364860400557518,0.940874457359314,0.03489961102604866,0.940874457359314,직장 내 괴롭힘 대화,직장 내 괴롭힘 대화
0.030193474143743515,0.9185878038406372,0.03466784209012985,0.04811358451843262,0.04149821773171425,0.9185878038406372,기타 괴롭힘 대화,기타 괴롭힘 대화
0.039024896919727325,0.057106949388980865,0.026822926476597786,0.9493101835250854,0.032926056534051895,0.9493101835250854,직장 내 괴롭힘 대화,직장 내 괴롭힘 대화
0.043408311903476715,0.04964035376906395,0.0283124428242445,0.9495434761047363,0.030997972935438156,0.9495434761047363,직장 내 괴롭힘 대화,직장 내 괴롭힘 대화
0.9557529091835022,0.04423181712627411,0.03691220283508301,0.04340963810682297,0.03686100244522095,0.9557529091835022,갈취 대화,갈취 대화
0.0610724501311779,0.04785116761922836,0.024500466883182526,0.03395158052444458,0.9333611130714417,0.9333611130714417,협박 대화,협박 대화
0.05393758416175842,0.4523826241493225,0.008922905661165714,0.011280801147222519,0.4601381719112396,0.4601381719112396,협박 대화,협박 대화
0.03728843107819557,0.050202298909425735,0.0293512511998415,0.9495782852172852,0.03280852735042572,0.9495782852172852,직장 내 괴롭힘 대화,직장 내 괴롭힘 대화
0.03466811776161194,0.09647431969642639,0.032279305160045624,0.8643867373466492,0.016728656366467476,0.8643867373466492,직장 내 괴롭힘 대화,직장 내 괴롭힘 대화
0.038013994693756104,0.05185417830944061,0.02927400730550289,0.9505422711372375,0.03232410177588463,0.9505422711372375,직장 내 괴롭힘 대화,직장 내 괴롭힘 대화
0.879855751991272,0.04219474270939827,0.01733064278960228,0.02190537378191948,0.11266777664422989,0.879855751991272,갈취 대화,갈취 대화
0.03792499750852585,0.05120893567800522,0.02807469666004181,0.9503673911094666,0.034144651144742966,0.9503673911094666,직장 내 괴롭힘 대화,직장 내 괴롭힘 대화
0.9035090208053589,0.023569531738758087,0.023661982268095016,0.030356017872691154,0.11079662293195724,0.9035090208053589,갈취 대화,갈취 대화
0.05176245793700218,0.9297187924385071,0.017836371436715126,0.04954300820827484,0.03494066745042801,0.9297187924385071,기타 괴롭힘 대화,기타 괴롭힘 대화
0.930391788482666,0.059196002781391144,0.02483028918504715,0.03327595070004463,0.03371584042906761,0.930391788482666,갈취 대화,갈취 대화
0.9515465497970581,0.036112263798713684,0.03499948978424072,0.04355977848172188,0.041303206235170364,0.9515465497970581,갈취 대화,갈취 대화
0.04168624430894852,0.9439104795455933,0.029489846900105476,0.032605502754449844,0.04502824321389198,0.9439104795455933,기타 괴롭힘 대화,기타 괴롭힘 대화
0.04172021895647049,0.9518959522247314,0.038121093064546585,0.04009699448943138,0.038277510553598404,0.9518959522247314,기타 괴롭힘 대화,기타 괴롭힘 대화
0.03761882707476616,0.0588066391646862,0.027740472927689552,0.9436540603637695,0.029719278216362,0.9436540603637695,직장 내 괴롭힘 대화,직장 내 괴롭힘 대화
0.04979002848267555,0.8100995421409607,0.0120488116517663,0.01568550616502762,0.11924736946821213,0.8100995421409607,기타 괴롭힘 대화,기타 괴롭힘 대화
0.03247080743312836,0.9019958972930908,0.052404388785362244,0.02908213809132576,0.032267238944768906,0.9019958972930908,기타 괴롭힘 대화,기타 괴롭힘 대화
0.03163682669401169,0.9284666776657104,0.03568143770098686,0.050332434475421906,0.030029421672225,0.9284666776657104,기타 괴롭힘 대화,기타 괴롭힘 대화
0.9511991143226624,0.04032154753804207,0.03120771236717701,0.04072241857647896,0.04332287237048149,0.9511991143226624,갈취 대화,갈취 대화
0.05587109178304672,0.06558698415756226,0.024568693712353706,0.028076037764549255,0.9264400601387024,0.9264400601387024,협박 대화,협박 대화
0.16552792489528656,0.0651581808924675,0.00957407895475626,0.2186630219221115,0.14559634029865265,0.2186630219221115,직장 내 괴롭힘 대화,일반 대화
0.043415043503046036,0.9431056380271912,0.02619291841983795,0.030653875321149826,0.05083676427602768,0.9431056380271912,기타 괴롭힘 대화,기타 괴롭힘 대화
0.06026158109307289,0.04604942351579666,0.02670566365122795,0.031382735818624496,0.9372533559799194,0.9372533559799194,협박 대화,협박 대화
0.03442101180553436,0.0520821250975132,0.03325842320919037,0.9442436695098877,0.030275983735919,0.9442436695098877,직장 내 괴롭힘 대화,직장 내 괴롭힘 대화
0.9552421569824219,0.03674938902258873,0.036690451204776764,0.04670519754290581,0.04025862738490105,0.9552421569824219,갈취 대화,갈취 대화
0.956493616104126,0.040782228112220764,0.03782300278544426,0.04413100704550743,0.03676289692521095,0.956493616104126,갈취 대화,갈취 대화
0.0339556559920311,0.599314272403717,0.010606501251459122,0.01625446416437626,0.39304906129837036,0.599314272403717,기타 괴롭힘 대화,기타 괴롭힘 대화
0.04613823443651199,0.06855356693267822,0.01266445405781269,0.9175479412078857,0.0397457480430603,0.9175479412078857,직장 내 괴롭힘 대화,직장 내 괴롭힘 대화
0.9321285486221313,0.05424067750573158,0.0199712086468935,0.03067558817565441,0.05020035430788994,0.9321285486221313,갈취 대화,갈취 대화
0.038188386708498,0.051476385444402695,0.028310060501098633,0.9464350938796997,0.030800506472587585,0.9464350938796997,직장 내 괴롭힘 대화,직장 내 괴롭힘 대화
0.1523902416229248,0.03662222996354103,0.012161036022007465,0.039238039404153824,0.8352445363998413,0.8352445363998413,협박 대화,협박 대화
0.9546041488647461,0.038149211555719376,0.03953070193529129,0.0459771454334259,0.03612092137336731,0.9546041488647461,갈취 대화,갈취 대화
0.045961931347846985,0.8348204493522644,0.09439239650964737,0.018143553286790848,0.028032837435603142,0.8348204493522644,기타 괴롭힘 대화,기타 괴롭힘 대화
0.026105225086212158,0.9170776009559631,0.03302588313817978,0.03404373303055763,0.050903718918561935,0.9170776009559631,기타 괴롭힘 대화,기타 괴롭힘 대화
0.03790150210261345,0.05472893640398979,0.027487147599458694,0.947715163230896,0.03263702616095543,0.947715163230896,직장 내 괴롭힘 대화,직장 내 괴롭힘 대화
0.783047080039978,0.2865154445171356,0.01250882726162672,0.019672509282827377,0.023303622379899025,0.783047080039978,갈취 대화,갈취 대화
0.8043869733810425,0.025957223027944565,0.015249553136527538,0.02406579628586769,0.2202806919813156,0.8043869733810425,갈취 대화,갈취 대화
0.04061920940876007,0.9503487944602966,0.03754869103431702,0.03999815881252289,0.03621171787381172,0.9503487944602966,기타 괴롭힘 대화,기타 괴롭힘 대화
0.04771050810813904,0.9359242916107178,0.026966415345668793,0.029162459075450897,0.042856402695178986,0.9359242916107178,기타 괴롭힘 대화,기타 괴롭힘 대화
0.5116163492202759,0.023558005690574646,0.01430500391870737,0.019121920689940453,0.6016324162483215,0.6016324162483215,협박 대화,협박 대화
0.04561649262905121,0.04936504364013672,0.02609286643564701,0.9470293521881104,0.03058113530278206,0.9470293521881104,직장 내 괴롭힘 대화,직장 내 괴롭힘 대화
0.06718537211418152,0.04365126043558121,0.024116352200508118,0.03121880628168583,0.9276143908500671,0.9276143908500671,협박 대화,협박 대화
0.1617473065853119,0.17405924201011658,0.007426421158015728,0.014127434231340885,0.6206491589546204,0.6206491589546204,협박 대화,협박 대화
0.9482012987136841,0.055785201489925385,0.028383741155266762,0.03826893866062164,0.03378225117921829,0.9482012987136841,갈취 대화,갈취 대화
0.9531192183494568,0.03660556301474571,0.036711253225803375,0.04419595003128052,0.040179699659347534,0.9531192183494568,갈취 대화,갈취 대화
0.9536632895469666,0.043097998946905136,0.03502880409359932,0.04251028224825859,0.03567344695329666,0.9536632895469666,갈취 대화,갈취 대화
0.9283892512321472,0.08583038300275803,0.02117694355547428,0.032938744872808456,0.02784186787903309,0.9283892512321472,갈취 대화,갈취 대화
0.8660210371017456,0.048738423734903336,0.023984258994460106,0.03231336921453476,0.05330691859126091,0.8660210371017456,갈취 대화,갈취 대화
0.03750866279006004,0.05476570874452591,0.02780342660844326,0.9478181600570679,0.031950343400239944,0.9478181600570679,직장 내 괴롭힘 대화,직장 내 괴롭힘 대화
0.05074351280927658,0.9329577088356018,0.024079356342554092,0.04107198119163513,0.035203441977500916,0.9329577088356018,기타 괴롭힘 대화,기타 괴롭힘 대화
0.4862397313117981,0.13774648308753967,0.008060283027589321,0.009602048434317112,0.2257801592350006,0.4862397313117981,갈취 대화,갈취 대화
0.06793203949928284,0.0445936843752861,0.022570814937353134,0.032546356320381165,0.9287890195846558,0.9287890195846558,협박 대화,협박 대화
0.09722425788640976,0.041014816612005234,0.018541323021054268,0.026920147240161896,0.8995074033737183,0.8995074033737183,협박 대화,협박 대화
0.6771210432052612,0.489123672246933,0.014833871275186539,0.017320973798632622,0.02480342425405979,0.6771210432052612,갈취 대화,갈취 대화
0.949924111366272,0.04652469977736473,0.03598989546298981,0.038415517657995224,0.037602826952934265,0.949924111366272,갈취 대화,갈취 대화
0.5204533934593201,0.14491739869117737,0.009690819308161736,0.06133664771914482,0.02378602884709835,0.5204533934593201,갈취 대화,갈취 대화
0.323996901512146,0.7821401357650757,0.014770245179533958,0.016518916934728622,0.026740238070487976,0.7821401357650757,기타 괴롭힘 대화,기타 괴롭힘 대화
0.954977810382843,0.037478722631931305,0.03618300333619118,0.04271655157208443,0.04083038121461868,0.954977810382843,갈취 대화,갈취 대화
0.04127060994505882,0.06420103460550308,0.8804280161857605,0.03370687738060951,0.01782573200762272,0.8804280161857605,일반 대화,일반 대화
0.06902075558900833,0.9279096722602844,0.02868296205997467,0.03327907249331474,0.030489319935441017,0.9279096722602844,기타 괴롭힘 대화,기타 괴롭힘 대화
0.06882618367671967,0.04174293205142021,0.021585585549473763,0.036189965903759,0.9257432818412781,0.9257432818412781,협박 대화,협박 대화
0.03932300955057144,0.0513591431081295,0.02894003316760063,0.948513388633728,0.032796379178762436,0.948513388633728,직장 내 괴롭힘 대화,직장 내 괴롭힘 대화
0.06246934086084366,0.05368104577064514,0.022879935801029205,0.02753760665655136,0.9274837374687195,0.9274837374687195,협박 대화,협박 대화
0.05929155275225639,0.04470914974808693,0.027366407215595245,0.03209761902689934,0.937640905380249,0.937640905380249,협박 대화,협박 대화
0.9513651728630066,0.03799310326576233,0.032271455973386765,0.04189453646540642,0.04007989168167114,0.9513651728630066,갈취 대화,갈취 대화
0.037972159683704376,0.057288385927677155,0.028376750648021698,0.948104202747345,0.030517257750034332,0.948104202747345,직장 내 괴롭힘 대화,직장 내 괴롭힘 대화
0.02347557432949543,0.9100693464279175,0.04473741725087166,0.06849795579910278,0.028980476781725883,0.9100693464279175,기타 괴롭힘 대화,기타 괴롭힘 대화
0.9491963386535645,0.04646889120340347,0.03368477523326874,0.03699738532304764,0.036300331354141235,0.9491963386535645,갈취 대화,갈취 대화
0.084935761988163,0.041097551584243774,0.020331546664237976,0.031220799311995506,0.9165014028549194,0.9165014028549194,협박 대화,협박 대화
0.060952331870794296,0.04874192923307419,0.023230209946632385,0.0358201339840889,0.9319194555282593,0.9319194555282593,협박 대화,협박 대화
0.08376001566648483,0.036016933619976044,0.02304970473051071,0.029599536210298538,0.9120302796363831,0.9120302796363831,협박 대화,협박 대화
0.24083586037158966,0.13140073418617249,0.01110447384417057,0.49853575229644775,0.012012635357677937,0.49853575229644775,직장 내 괴롭힘 대화,직장 내 괴롭힘 대화
0.9538028240203857,0.03840094432234764,0.03616819903254509,0.041885748505592346,0.039310023188591,0.9538028240203857,갈취 대화,갈취 대화
0.93952876329422,0.05938008800148964,0.03087478131055832,0.03414541855454445,0.029077602550387383,0.93952876329422,갈취 대화,갈취 대화
0.9551584124565125,0.03985580801963806,0.03758189454674721,0.04645425081253052,0.03769298270344734,0.9551584124565125,갈취 대화,갈취 대화
0.02727280929684639,0.24135489761829376,0.014313148334622383,0.855667769908905,0.022605394944548607,0.855667769908905,직장 내 괴롭힘 대화,직장 내 괴롭힘 대화
0.04762732610106468,0.9453119039535522,0.03150378167629242,0.03480347618460655,0.034407567232847214,0.9453119039535522,기타 괴롭힘 대화,기타 괴롭힘 대화
0.04061818867921829,0.9554451704025269,0.036708369851112366,0.04354989156126976,0.04137216880917549,0.9554451704025269,기타 괴롭힘 대화,기타 괴롭힘 대화
0.5776069164276123,0.03383932635188103,0.00990283116698265,0.018394391983747482,0.4903966784477234,0.5776069164276123,갈취 대화,갈취 대화
0.9306831359863281,0.04481031745672226,0.047029782086610794,0.034053731709718704,0.029533399268984795,0.9306831359863281,갈취 대화,갈취 대화
0.04944794625043869,0.9376108050346375,0.026580898091197014,0.03197623789310455,0.03944150730967522,0.9376108050346375,기타 괴롭힘 대화,기타 괴롭힘 대화
0.1895863562822342,0.38521483540534973,0.018398219719529152,0.007997877895832062,0.3174569308757782,0.38521483540534973,기타 괴롭힘 대화,일반 대화
0.95367830991745,0.04328915849328041,0.03601888567209244,0.046069663017988205,0.035131774842739105,0.95367830991745,갈취 대화,갈취 대화
0.9421849250793457,0.03691615164279938,0.030674366280436516,0.03898301720619202,0.04950573295354843,0.9421849250793457,갈취 대화,갈취 대화
0.03778880834579468,0.05183440446853638,0.029041161760687828,0.9497658014297485,0.032717205584049225,0.9497658014297485,직장 내 괴롭힘 대화,직장 내 괴롭힘 대화
0.023140182718634605,0.7489149570465088,0.01637433096766472,0.19288618862628937,0.03283224627375603,0.7489149570465088,기타 괴롭힘 대화,기타 괴롭힘 대화
0.0586080327630043,0.9283463358879089,0.02300574816763401,0.02869896963238716,0.035313431173563004,0.9283463358879089,기타 괴롭힘 대화,기타 괴롭힘 대화
0.05549635365605354,0.05218135565519333,0.02228444069623947,0.9376258254051208,0.02867940254509449,0.9376258254051208,직장 내 괴롭힘 대화,직장 내 괴롭힘 대화
0.16321679949760437,0.7765142917633057,0.009088575839996338,0.02225899137556553,0.06740844994783401,0.7765142917633057,기타 괴롭힘 대화,기타 괴롭힘 대화
0.9496776461601257,0.048007767647504807,0.028086135163903236,0.0339968241751194,0.04344886913895607,0.9496776461601257,갈취 대화,갈취 대화
0.21583621203899384,0.03942987695336342,0.013197330757975578,0.8242587447166443,0.02181904949247837,0.8242587447166443,직장 내 괴롭힘 대화,직장 내 괴롭힘 대화
0.03209976479411125,0.06572452187538147,0.03304754197597504,0.9442765116691589,0.02761007472872734,0.9442765116691589,직장 내 괴롭힘 대화,직장 내 괴롭힘 대화
0.07192337512969971,0.04843496158719063,0.020748648792505264,0.03181604668498039,0.9264072179794312,0.9264072179794312,협박 대화,협박 대화
0.043925751000642776,0.0492815300822258,0.028708474710583687,0.9440279603004456,0.028429295867681503,0.9440279603004456,직장 내 괴롭힘 대화,직장 내 괴롭힘 대화
0.05668717995285988,0.041566163301467896,0.023487143218517303,0.934039294719696,0.03236118704080582,0.934039294719696,직장 내 괴롭힘 대화,직장 내 괴롭힘 대화
0.3138904869556427,0.7781381011009216,0.011523585766553879,0.028377626091241837,0.026454215869307518,0.7781381011009216,기타 괴롭힘 대화,기타 괴롭힘 대화
0.9526131749153137,0.043776899576187134,0.031110458076000214,0.03719870373606682,0.04071478545665741,0.9526131749153137,갈취 대화,갈취 대화
0.15353356301784515,0.5981177687644958,0.007901285775005817,0.009751600213348866,0.1700780987739563,0.5981177687644958,기타 괴롭힘 대화,기타 괴롭힘 대화
0.9542375802993774,0.039901990443468094,0.03552773594856262,0.047902822494506836,0.036579422652721405,0.9542375802993774,갈취 대화,갈취 대화
0.8518131971359253,0.025735655799508095,0.015754926949739456,0.02903495728969574,0.1954612135887146,0.8518131971359253,갈취 대화,갈취 대화
0.045214828103780746,0.054775383323431015,0.025323165580630302,0.9441296458244324,0.029847854748368263,0.9441296458244324,직장 내 괴롭힘 대화,직장 내 괴롭힘 대화
0.06128261983394623,0.044923294335603714,0.02498471736907959,0.03867039456963539,0.9297516345977783,0.9297516345977783,협박 대화,협박 대화
0.09442094713449478,0.04924945533275604,0.015133940614759922,0.8994992971420288,0.02487991563975811,0.8994992971420288,직장 내 괴롭힘 대화,직장 내 괴롭힘 대화
0.04290013760328293,0.05094950273633003,0.02416030317544937,0.9445043802261353,0.03362156078219414,0.9445043802261353,직장 내 괴롭힘 대화,직장 내 괴롭힘 대화
0.06572961807250977,0.9353967308998108,0.027367347851395607,0.02873302809894085,0.03314460441470146,0.9353967308998108,기타 괴롭힘 대화,기타 괴롭힘 대화
0.9471815228462219,0.04256515949964523,0.027995890006422997,0.03619414567947388,0.046961426734924316,0.9471815228462219,갈취 대화,갈취 대화
0.07599849253892899,0.8822464346885681,0.013197672553360462,0.02220560796558857,0.06372296065092087,0.8822464346885681,기타 괴롭힘 대화,기타 괴롭힘 대화
0.07706109434366226,0.043578315526247025,0.021364275366067886,0.02922709286212921,0.9191302061080933,0.9191302061080933,협박 대화,협박 대화
0.07791874557733536,0.036303792148828506,0.022774411365389824,0.036862775683403015,0.9109567403793335,0.9109567403793335,협박 대화,협박 대화
0.04458286985754967,0.9243248105049133,0.02046354115009308,0.027117643505334854,0.05020260438323021,0.9243248105049133,기타 괴롭힘 대화,기타 괴롭힘 대화
0.9509896039962769,0.04524356499314308,0.031165029853582382,0.040798887610435486,0.036538735032081604,0.9509896039962769,갈취 대화,갈취 대화
0.053426116704940796,0.046310581266880035,0.03056829795241356,0.03562244400382042,0.9369957447052002,0.9369957447052002,협박 대화,협박 대화
0.9146690368652344,0.08723056316375732,0.01795094646513462,0.04308449476957321,0.02487846463918686,0.9146690368652344,갈취 대화,갈취 대화
0.050724923610687256,0.044471584260463715,0.029952334240078926,0.9465206265449524,0.028263138607144356,0.9465206265449524,직장 내 괴롭힘 대화,직장 내 괴롭힘 대화
0.953088104724884,0.04204361140727997,0.0367894247174263,0.043275486677885056,0.035812731832265854,0.953088104724884,갈취 대화,갈취 대화
0.05462304502725601,0.9022878408432007,0.010750537738204002,0.09880684316158295,0.03625496104359627,0.9022878408432007,기타 괴롭힘 대화,기타 괴롭힘 대화
0.05130663141608238,0.08577566593885422,0.019022053107619286,0.02544168010354042,0.8972772359848022,0.8972772359848022,협박 대화,협박 대화
0.03194160759449005,0.056405942887067795,0.7838345766067505,0.04238613322377205,0.021071312949061394,0.7838345766067505,일반 대화,일반 대화
0.9481064677238464,0.03801489248871803,0.03149210661649704,0.038457710295915604,0.04771321639418602,0.9481064677238464,갈취 대화,갈취 대화
0.05456193536520004,0.1909206062555313,0.018058747053146362,0.012327993288636208,0.8027065992355347,0.8027065992355347,협박 대화,협박 대화
0.04848955571651459,0.9451994299888611,0.030774204060435295,0.03763715550303459,0.03589259088039398,0.9451994299888611,기타 괴롭힘 대화,기타 괴롭힘 대화
0.17933978140354156,0.8727394938468933,0.01475084200501442,0.024495691061019897,0.02642964757978916,0.8727394938468933,기타 괴롭힘 대화,기타 괴롭힘 대화
0.04035533592104912,0.047982558608055115,0.030841095373034477,0.9523230195045471,0.032746970653533936,0.9523230195045471,직장 내 괴롭힘 대화,직장 내 괴롭힘 대화
0.03896906226873398,0.09659577906131744,0.01947953552007675,0.9258043766021729,0.025834590196609497,0.9258043766021729,직장 내 괴롭힘 대화,직장 내 괴롭힘 대화
0.036161407828330994,0.9421699047088623,0.03569233417510986,0.040526699274778366,0.034775104373693466,0.9421699047088623,기타 괴롭힘 대화,기타 괴롭힘 대화
0.09144386649131775,0.1010858565568924,0.012302391231060028,0.016236936673521996,0.8308966755867004,0.8308966755867004,협박 대화,협박 대화
0.2688109278678894,0.19844521582126617,0.004238408524543047,0.35207706689834595,0.03175267577171326,0.35207706689834595,직장 내 괴롭힘 대화,일반 대화
0.8547753691673279,0.12172175943851471,0.018214179202914238,0.02943083643913269,0.023971885442733765,0.8547753691673279,갈취 대화,갈취 대화
0.0414547398686409,0.045509543269872665,0.02955636754631996,0.948587954044342,0.03331117331981659,0.948587954044342,직장 내 괴롭힘 대화,직장 내 괴롭힘 대화
0.7866841554641724,0.031036974862217903,0.013196342624723911,0.01777549460530281,0.26751893758773804,0.7866841554641724,갈취 대화,갈취 대화
0.10784204304218292,0.43483930826187134,0.0036946535110473633,0.033875156193971634,0.24175679683685303,0.43483930826187134,기타 괴롭힘 대화,기타 괴롭힘 대화
0.10996489971876144,0.8659317493438721,0.011804834939539433,0.032032519578933716,0.03747134283185005,0.8659317493438721,기타 괴롭힘 대화,기타 괴롭힘 대화
0.14537715911865234,0.41977789998054504,0.0069630341604352,0.012055250816047192,0.3818899393081665,0.41977789998054504,기타 괴롭힘 대화,기타 괴롭힘 대화
0.04681019112467766,0.053952526301145554,0.02452513575553894,0.9442774057388306,0.02985288016498089,0.9442774057388306,직장 내 괴롭힘 대화,직장 내 괴롭힘 대화
0.11987923830747604,0.0798729732632637,0.11229291558265686,0.1329759657382965,0.008261207491159439,0.1329759657382965,직장 내 괴롭힘 대화,일반 대화
0.06205982714891434,0.4551738500595093,0.007549688685685396,0.07316413521766663,0.16318956017494202,0.4551738500595093,기타 괴롭힘 대화,기타 괴롭힘 대화
0.07427650690078735,0.3478081524372101,0.007840754464268684,0.016818037256598473,0.43281102180480957,0.43281102180480957,협박 대화,협박 대화
0.9187672734260559,0.05668170005083084,0.03467128053307533,0.04028164595365524,0.026926755905151367,0.9187672734260559,갈취 대화,갈취 대화
0.9361609816551208,0.029553933069109917,0.029544852674007416,0.038491033017635345,0.0607651025056839,0.9361609816551208,갈취 대화,갈취 대화
0.05537099391222,0.0703079029917717,0.018389996141195297,0.029406577348709106,0.8974456787109375,0.8974456787109375,협박 대화,협박 대화
0.9259734153747559,0.030688975006341934,0.0236130990087986,0.0333520881831646,0.07235279679298401,0.9259734153747559,갈취 대화,갈취 대화
0.11800435930490494,0.037157900631427765,0.016999535262584686,0.026580162346363068,0.8841620087623596,0.8841620087623596,협박 대화,협박 대화
0.05800025165081024,0.45820164680480957,0.008485800586640835,0.011893752962350845,0.4923610985279083,0.4923610985279083,협박 대화,협박 대화
0.04352674260735512,0.9482733607292175,0.03345337510108948,0.041320305317640305,0.034191228449344635,0.9482733607292175,기타 괴롭힘 대화,기타 괴롭힘 대화
0.0411243662238121,0.9436836838722229,0.032484810799360275,0.035832371562719345,0.04103027284145355,0.9436836838722229,기타 괴롭힘 대화,기타 괴롭힘 대화
0.9515406489372253,0.0404234305024147,0.0321500338613987,0.03741701319813728,0.044310521334409714,0.9515406489372253,갈취 대화,갈취 대화
0.7822352051734924,0.04960920661687851,0.011037806048989296,0.01614997163414955,0.22222459316253662,0.7822352051734924,갈취 대화,갈취 대화
0.030342131853103638,0.061874572187662125,0.03648990020155907,0.9400680661201477,0.027569696307182312,0.9400680661201477,직장 내 괴롭힘 대화,직장 내 괴롭힘 대화
0.04433145746588707,0.04698111116886139,0.023722711950540543,0.9452265501022339,0.036528974771499634,0.9452265501022339,직장 내 괴롭힘 대화,직장 내 괴롭힘 대화
0.1067580133676529,0.10191495716571808,0.012222787365317345,0.015004370361566544,0.8123921155929565,0.8123921155929565,협박 대화,협박 대화
0.07602035999298096,0.9092013239860535,0.020256195217370987,0.01776127889752388,0.05668821558356285,0.9092013239860535,기타 괴롭힘 대화,기타 괴롭힘 대화
0.0545162670314312,0.8922924399375916,0.03438770771026611,0.02515452168881893,0.02751469425857067,0.8922924399375916,기타 괴롭힘 대화,기타 괴롭힘 대화
0.7827504277229309,0.025421399623155594,0.015188855119049549,0.02181336097419262,0.2798224985599518,0.7827504277229309,갈취 대화,갈취 대화
0.1254509836435318,0.03539840131998062,0.018615776672959328,0.02453070878982544,0.8813799023628235,0.8813799023628235,협박 대화,협박 대화
0.875170111656189,0.12586987018585205,0.030714044347405434,0.022682951763272285,0.021022165194153786,0.875170111656189,갈취 대화,갈취 대화
0.035980112850666046,0.938849687576294,0.034526512026786804,0.04143024608492851,0.03693901374936104,0.938849687576294,기타 괴롭힘 대화,기타 괴롭힘 대화
0.07998059689998627,0.04084343835711479,0.021776000037789345,0.030521228909492493,0.9099125266075134,0.9099125266075134,협박 대화,협박 대화
0.03830565884709358,0.6756229996681213,0.03144562244415283,0.08835748583078384,0.017553843557834625,0.6756229996681213,기타 괴롭힘 대화,기타 괴롭힘 대화
0.20648163557052612,0.7104427218437195,0.013295288197696209,0.027886422351002693,0.022974085062742233,0.7104427218437195,기타 괴롭힘 대화,기타 괴롭힘 대화
0.043817829340696335,0.043751996010541916,0.032570529729127884,0.9530038833618164,0.034026503562927246,0.9530038833618164,직장 내 괴롭힘 대화,직장 내 괴롭힘 대화
0.043970197439193726,0.9270002841949463,0.026002714410424232,0.02450467273592949,0.051705822348594666,0.9270002841949463,기타 괴롭힘 대화,기타 괴롭힘 대화
0.06505320221185684,0.04277288168668747,0.024493835866451263,0.03286927938461304,0.9250951409339905,0.9250951409339905,협박 대화,협박 대화
0.041717611253261566,0.051763392984867096,0.027150269597768784,0.948550820350647,0.03184434399008751,0.948550820350647,직장 내 괴롭힘 대화,직장 내 괴롭힘 대화
0.03545801714062691,0.9331532120704651,0.03452630713582039,0.028148015961050987,0.048393260687589645,0.9331532120704651,기타 괴롭힘 대화,기타 괴롭힘 대화
0.8565656542778015,0.05821242555975914,0.04529810696840286,0.0346229188144207,0.021839631721377373,0.8565656542778015,갈취 대화,갈취 대화
0.025694774463772774,0.10222354531288147,0.027516398578882217,0.9247434735298157,0.02969171851873398,0.9247434735298157,직장 내 괴롭힘 대화,직장 내 괴롭힘 대화
0.05712946876883507,0.04522396996617317,0.025364190340042114,0.03556209057569504,0.9327345490455627,0.9327345490455627,협박 대화,협박 대화
0.042017605155706406,0.05330658331513405,0.026035601273179054,0.9491050243377686,0.03238248452544212,0.9491050243377686,직장 내 괴롭힘 대화,직장 내 괴롭힘 대화
0.03979994356632233,0.04876583069562912,0.03065207600593567,0.946600079536438,0.030439337715506554,0.946600079536438,직장 내 괴롭힘 대화,직장 내 괴롭힘 대화
0.10659869015216827,0.34586453437805176,0.08015406131744385,0.04137159138917923,0.00857948511838913,0.34586453437805176,기타 괴롭힘 대화,일반 대화
0.8288334608078003,0.05337120592594147,0.02889159694314003,0.058854974806308746,0.0165873896330595,0.8288334608078003,갈취 대화,갈취 대화
0.07975355535745621,0.049758005887269974,0.01952366903424263,0.025335101410746574,0.913480281829834,0.913480281829834,협박 대화,협박 대화
0.10605742037296295,0.03838709741830826,0.019268913194537163,0.9089402556419373,0.022563494741916656,0.9089402556419373,직장 내 괴롭힘 대화,직장 내 괴롭힘 대화
0.0915599837899208,0.6054174900054932,0.008403511717915535,0.01129024475812912,0.3023470640182495,0.6054174900054932,기타 괴롭힘 대화,기타 괴롭힘 대화
0.014612902887165546,0.2726777195930481,0.047354426234960556,0.5859343409538269,0.014749761670827866,0.5859343409538269,직장 내 괴롭힘 대화,직장 내 괴롭힘 대화
0.9493764042854309,0.037949398159980774,0.030128274112939835,0.04549001529812813,0.04000939428806305,0.9493764042854309,갈취 대화,갈취 대화
0.03917665034532547,0.048862576484680176,0.030461257323622704,0.9467523097991943,0.031291358172893524,0.9467523097991943,직장 내 괴롭힘 대화,직장 내 괴롭힘 대화
0.08772055059671402,0.39824867248535156,0.0038298757281154394,0.17437955737113953,0.05425112321972847,0.39824867248535156,기타 괴롭힘 대화,일반 대화
0.951077938079834,0.036236777901649475,0.03441072255373001,0.04167091101408005,0.044194821268320084,0.951077938079834,갈취 대화,갈취 대화
0.30490729212760925,0.03624262660741806,0.01237327978014946,0.019049037247896194,0.7496659755706787,0.7496659755706787,협박 대화,협박 대화
0.02252073399722576,0.08560138940811157,0.01924409717321396,0.09390954673290253,0.37538155913352966,0.37538155913352966,협박 대화,일반 대화
0.9507986903190613,0.030990229919552803,0.03690655902028084,0.04270481690764427,0.05059162154793739,0.9507986903190613,갈취 대화,갈취 대화
0.4287396967411041,0.017145246267318726,0.007976429536938667,0.3383452594280243,0.18037210404872894,0.4287396967411041,갈취 대화,갈취 대화
0.02773650735616684,0.33348530530929565,0.0197940394282341,0.70089191198349,0.012504475191235542,0.70089191198349,직장 내 괴롭힘 대화,직장 내 괴롭힘 대화
0.0414225310087204,0.049153491854667664,0.028753595426678658,0.9500684142112732,0.03192269802093506,0.9500684142112732,직장 내 괴롭힘 대화,직장 내 괴롭힘 대화
0.8704379200935364,0.19115404784679413,0.015748022124171257,0.02073737047612667,0.02639218233525753,0.8704379200935364,갈취 대화,갈취 대화
0.3246995806694031,0.5047205686569214,0.00781279057264328,0.09205734729766846,0.018070600926876068,0.5047205686569214,기타 괴롭힘 대화,기타 괴롭힘 대화
0.041571907699108124,0.06116276979446411,0.025625277310609818,0.9425942301750183,0.02868018113076687,0.9425942301750183,직장 내 괴롭힘 대화,직장 내 괴롭힘 대화
0.02796931006014347,0.11008260399103165,0.03767130896449089,0.054173048585653305,0.47057655453681946,0.47057655453681946,협박 대화,협박 대화
0.05750139430165291,0.041376471519470215,0.028261827304959297,0.03407902270555496,0.9346869587898254,0.9346869587898254,협박 대화,협박 대화
0.03988225385546684,0.05222553387284279,0.027153054252266884,0.9492624998092651,0.031544048339128494,0.9492624998092651,직장 내 괴롭힘 대화,직장 내 괴롭힘 대화
0.9530438184738159,0.045254264026880264,0.03203136846423149,0.04149981215596199,0.03639470413327217,0.9530438184738159,갈취 대화,갈취 대화
0.05499837175011635,0.0419742576777935,0.028089286759495735,0.03881203010678291,0.9394174814224243,0.9394174814224243,협박 대화,협박 대화
0.023391680791974068,0.5573822259902954,0.25642523169517517,0.029140913859009743,0.0128429951146245,0.5573822259902954,기타 괴롭힘 대화,기타 괴롭힘 대화
0.1262223869562149,0.05540812760591507,0.011497694998979568,0.02311922237277031,0.8574461340904236,0.8574461340904236,협박 대화,협박 대화
0.045189712196588516,0.04781104624271393,0.029370566830039024,0.949206531047821,0.030532579869031906,0.949206531047821,직장 내 괴롭힘 대화,직장 내 괴롭힘 대화
0.9537556171417236,0.04060443118214607,0.03325558453798294,0.03999621048569679,0.04120403900742531,0.9537556171417236,갈취 대화,갈취 대화
0.6625320911407471,0.3660691976547241,0.013177542015910149,0.022800341248512268,0.02224649302661419,0.6625320911407471,갈취 대화,갈취 대화
0.3813088536262512,0.15783058106899261,0.012816344387829304,0.10332184284925461,0.01358046941459179,0.3813088536262512,갈취 대화,일반 대화
0.06557532399892807,0.048193786293268204,0.02014501765370369,0.9315044283866882,0.028744928538799286,0.9315044283866882,직장 내 괴롭힘 대화,직장 내 괴롭힘 대화
0.5928952693939209,0.11191750317811966,0.011361504904925823,0.017446374520659447,0.08633872866630554,0.5928952693939209,갈취 대화,갈취 대화
0.05323385074734688,0.9466133117675781,0.031112665310502052,0.03508521988987923,0.035609301179647446,0.9466133117675781,기타 괴롭힘 대화,기타 괴롭힘 대화
0.9540221691131592,0.041553203016519547,0.03397650271654129,0.04140488803386688,0.03943880647420883,0.9540221691131592,갈취 대화,갈취 대화
0.11388812214136124,0.0455159991979599,0.016233082860708237,0.02543141506612301,0.8860037326812744,0.8860037326812744,협박 대화,협박 대화
0.9221681952476501,0.05134939029812813,0.021760068833827972,0.030404478311538696,0.05405540391802788,0.9221681952476501,갈취 대화,갈취 대화
0.040553685277700424,0.9427637457847595,0.030847830697894096,0.03688771277666092,0.03917486593127251,0.9427637457847595,기타 괴롭힘 대화,기타 괴롭힘 대화
0.0442548468708992,0.9280726313591003,0.03249133750796318,0.05866709351539612,0.024296624585986137,0.9280726313591003,기타 괴롭힘 대화,기타 괴롭힘 대화
0.09724077582359314,0.24598586559295654,0.030726321041584015,0.06891770660877228,0.014857548289000988,0.24598586559295654,기타 괴롭힘 대화,일반 대화
0.11096921563148499,0.25276046991348267,0.015341192483901978,0.01989329420030117,0.3375474512577057,0.3375474512577057,협박 대화,일반 대화
0.16321825981140137,0.07675882428884506,0.010396229103207588,0.01707571931183338,0.7704339623451233,0.7704339623451233,협박 대화,협박 대화
0.03354664146900177,0.9096285104751587,0.019112586975097656,0.03009401075541973,0.06354056298732758,0.9096285104751587,기타 괴롭힘 대화,기타 괴롭힘 대화
0.5719961524009705,0.20574042201042175,0.007502065971493721,0.026952898129820824,0.08076286315917969,0.5719961524009705,갈취 대화,갈취 대화
0.0857056975364685,0.04399178922176361,0.01929914951324463,0.02924717776477337,0.9087767004966736,0.9087767004966736,협박 대화,협박 대화
0.9505067467689514,0.04774690419435501,0.03758041188120842,0.03873499110341072,0.03446727246046066,0.9505067467689514,갈취 대화,갈취 대화
0.9496901035308838,0.0360993854701519,0.03672674670815468,0.042199574410915375,0.04169730097055435,0.9496901035308838,갈취 대화,갈취 대화
0.041998475790023804,0.05396727845072746,0.026980506256222725,0.9451606273651123,0.03009946085512638,0.9451606273651123,직장 내 괴롭힘 대화,직장 내 괴롭힘 대화
0.7291247248649597,0.07026612013578415,0.006941286846995354,0.14928710460662842,0.036800991743803024,0.7291247248649597,갈취 대화,갈취 대화
0.9538456797599792,0.04399886727333069,0.037242088466882706,0.04336199909448624,0.03732500225305557,0.9538456797599792,갈취 대화,갈취 대화
0.038145143538713455,0.03695469722151756,0.009055816568434238,0.6633434295654297,0.3309701085090637,0.6633434295654297,직장 내 괴롭힘 대화,직장 내 괴롭힘 대화
0.09586073458194733,0.04279074817895889,0.018868478015065193,0.027408629655838013,0.9016984701156616,0.9016984701156616,협박 대화,협박 대화
