갈취 대화,기타 괴롭힘 대화,일반 대화,직장 내 괴롭힘 대화,협박 대화,max_val,label
0.9610016345977783,0.03216276690363884,0.025021856650710106,0.031153004616498947,-0.04933929443359375,0.9610016345977783,갈취 대화
0.03852006420493126,0.03603135421872139,0.020352104678750038,0.9669086933135986,-0.06181216239929199,0.9669086933135986,직장 내 괴롭힘 대화
0.021363263949751854,0.23690259456634521,0.0065695252269506454,0.7186616659164429,0.016502976417541504,0.7186616659164429,직장 내 괴롭힘 대화
0.03846484422683716,0.3076416552066803,0.5303218960762024,0.01066906750202179,0.11290258169174194,0.5303218960762024,일반 대화
0.09547251462936401,0.878915548324585,0.007196642458438873,0.11313202232122421,-0.09471678733825684,0.878915548324585,기타 괴롭힘 대화
0.1482769101858139,0.04773888364434242,0.013579843565821648,0.010911890305578709,0.7794924974441528,0.7794924974441528,갈취 대화
0.257264643907547,0.0343947634100914,0.007621242199093103,0.01621955633163452,0.6844998002052307,0.6844998002052307,갈취 대화
0.7586426734924316,0.4390062093734741,0.016790252178907394,0.010705871507525444,-0.22514498233795166,0.7586426734924316,갈취 대화
0.0272078737616539,0.0672154650092125,0.8834702372550964,0.018115723505616188,0.0039907097816467285,0.8834702372550964,일반 대화
0.9650813937187195,0.03175102174282074,0.029650254175066948,0.0367378294467926,-0.06322050094604492,0.9650813937187195,갈취 대화
0.04046758636832237,0.04924405366182327,0.0197657011449337,0.012541755102574825,0.8779808878898621,0.8779808878898621,기타 괴롭힘 대화
0.03146187961101532,0.07434289902448654,0.9474076628684998,0.017208309844136238,-0.07042074203491211,0.9474076628684998,일반 대화
0.04675055667757988,0.05113236606121063,0.01021523866802454,0.9337241649627686,-0.04182231426239014,0.9337241649627686,직장 내 괴롭힘 대화
0.029899580404162407,0.028762707486748695,0.03082878142595291,0.9633669257164001,-0.05285799503326416,0.9633669257164001,직장 내 괴롭힘 대화
0.03798619285225868,0.037168774753808975,0.02478822134435177,0.9707066416740417,-0.07064986228942871,0.9707066416740417,직장 내 괴롭힘 대화
0.4446898400783539,0.060915470123291016,0.007644285913556814,0.012793036177754402,0.4739573001861572,0.4739573001861572,갈취 대화
0.021617330610752106,0.02976134605705738,0.8949900269508362,0.01239840779453516,0.0412328839302063,0.8949900269508362,일반 대화
0.052240535616874695,0.8843411207199097,0.014732441864907742,0.1518508344888687,-0.1031649112701416,0.8843411207199097,기타 괴롭힘 대화
0.13965387642383575,0.033031586557626724,0.010985475964844227,0.011628433130681515,0.8047006130218506,0.8047006130218506,갈취 대화
0.06243225932121277,0.9594756364822388,0.026891594752669334,0.027457330375909805,-0.07625687122344971,0.9594756364822388,기타 괴롭힘 대화
0.03915984183549881,0.02385677397251129,0.022863002493977547,0.01681113988161087,0.8973092436790466,0.8973092436790466,갈취 대화
0.044641248881816864,0.9666540026664734,0.030207175761461258,0.0344589501619339,-0.07596135139465332,0.9666540026664734,기타 괴롭힘 대화
0.03522453457117081,0.9292123913764954,0.02196437120437622,0.024385862052440643,-0.010787129402160645,0.9292123913764954,기타 괴롭힘 대화
0.9620987176895142,0.032242301851511,0.026161935180425644,0.03063546121120453,-0.05113840103149414,0.9620987176895142,갈취 대화
0.9664194583892822,0.03430745378136635,0.030242683365941048,0.03206140920519829,-0.06303107738494873,0.9664194583892822,갈취 대화
0.033421583473682404,0.03747062757611275,0.026371227577328682,0.9701313972473145,-0.06739485263824463,0.9701313972473145,직장 내 괴롭힘 대화
0.06880860775709152,0.9132190346717834,0.014177336357533932,0.02501511014997959,-0.021220088005065918,0.9132190346717834,기타 괴롭힘 대화
0.04755314439535141,0.4554605782032013,0.3763572871685028,0.015093001537024975,0.10553592443466187,0.4554605782032013,기타 괴롭힘 대화
0.03638875111937523,0.03911220282316208,0.022932961583137512,0.9680225849151611,-0.06645655632019043,0.9680225849151611,직장 내 괴롭힘 대화
0.5456860065460205,0.1319841742515564,0.03322130814194679,0.016793258488178253,0.27231526374816895,0.5456860065460205,갈취 대화
0.9650478363037109,0.03169919550418854,0.02877998910844326,0.03352230042219162,-0.059049248695373535,0.9650478363037109,갈취 대화
0.2397986650466919,0.03962326794862747,0.013796753250062466,0.009237113408744335,0.6975442171096802,0.6975442171096802,갈취 대화
0.07752911746501923,0.9480960965156555,0.024164484813809395,0.06848251819610596,-0.11827218532562256,0.9480960965156555,기타 괴롭힘 대화
0.8322986960411072,0.11003375053405762,0.00823565386235714,0.028144188225269318,0.021287739276885986,0.8322986960411072,갈취 대화
0.03531191870570183,0.8731908202171326,0.013400588184595108,0.026898983865976334,0.05119764804840088,0.8731908202171326,기타 괴롭힘 대화
0.9425353407859802,0.0906430259346962,0.019045241177082062,0.017729230225086212,-0.06995284557342529,0.9425353407859802,갈취 대화
0.2524558901786804,0.862959086894989,0.019421927630901337,0.01371612586081028,-0.1485530138015747,0.862959086894989,기타 괴롭힘 대화
0.7131413221359253,0.02579229138791561,0.011366005055606365,0.015456505119800568,0.23424386978149414,0.7131413221359253,갈취 대화
0.02614596299827099,0.08892856538295746,0.004558454267680645,0.14291444420814514,0.7374525666236877,0.7374525666236877,직장 내 괴롭힘 대화
0.9606993794441223,0.03230603411793709,0.025006044656038284,0.031316399574279785,-0.049327850341796875,0.9606993794441223,갈취 대화
0.036299146711826324,0.08950626850128174,0.011559701524674892,0.015057763084769249,0.8475771546363831,0.8475771546363831,기타 괴롭힘 대화
0.9628761410713196,0.042557407170534134,0.025203324854373932,0.030687743797898293,-0.0613245964050293,0.9628761410713196,갈취 대화
0.9170774221420288,0.02873828448355198,0.014239556156098843,0.07268117368221283,-0.03273642063140869,0.9170774221420288,갈취 대화
0.9253803491592407,0.03271989896893501,0.01822911575436592,0.01979450136423111,0.0038760900497436523,0.9253803491592407,갈취 대화
0.03220568597316742,0.514792263507843,0.46449702978134155,0.011162562295794487,-0.02265751361846924,0.514792263507843,기타 괴롭힘 대화
0.033414240926504135,0.03582104668021202,0.02693045325577259,0.970747172832489,-0.06691288948059082,0.970747172832489,직장 내 괴롭힘 대화
0.034798361361026764,0.2597716450691223,0.007893672212958336,0.01773216389119625,0.6798041462898254,0.6798041462898254,기타 괴롭힘 대화
0.06871221959590912,0.9323818683624268,0.016233783215284348,0.02324025146663189,-0.04056811332702637,0.9323818683624268,기타 괴롭힘 대화
0.034600477665662766,0.049775682389736176,0.9632993340492249,0.016854701563715935,-0.0645301342010498,0.9632993340492249,일반 대화
0.03678968921303749,0.10072522610425949,0.009306701831519604,0.019899839535355568,0.8332785367965698,0.8332785367965698,기타 괴롭힘 대화
0.963463306427002,0.03299856558442116,0.025894107297062874,0.037379540503025055,-0.05973553657531738,0.963463306427002,갈취 대화
0.054698895663022995,0.9694080948829651,0.03418474271893501,0.0293258223682642,-0.08761751651763916,0.9694080948829651,기타 괴롭힘 대화
0.9641048908233643,0.033358559012413025,0.027608167380094528,0.0314449779689312,-0.05651664733886719,0.9641048908233643,갈취 대화
0.035782136023044586,0.038060836493968964,0.02114262804389,0.965777575969696,-0.06076312065124512,0.965777575969696,직장 내 괴롭힘 대화
0.036488719284534454,0.03685998544096947,0.02339012362062931,0.9711037874221802,-0.06784260272979736,0.9711037874221802,직장 내 괴롭힘 대화
0.10986634343862534,0.9252426624298096,0.01503067184239626,0.024999670684337616,-0.07513928413391113,0.9252426624298096,기타 괴롭힘 대화
0.05971694365143776,0.9699708819389343,0.028074942529201508,0.041247013956308365,-0.09900987148284912,0.9699708819389343,기타 괴롭힘 대화
0.031644709408283234,0.039772819727659225,0.9652110934257507,0.01844152994453907,-0.05507016181945801,0.9652110934257507,일반 대화
0.03789157420396805,0.9681156873703003,0.040878165513277054,0.03501122444868088,-0.08189666271209717,0.9681156873703003,기타 괴롭힘 대화
0.05322359874844551,0.9623597264289856,0.021552858874201775,0.037901587784290314,-0.07503771781921387,0.9623597264289856,기타 괴롭힘 대화
0.9585081338882446,0.04048910364508629,0.02198237180709839,0.028429104015231133,-0.049408793449401855,0.9585081338882446,갈취 대화
0.05890364944934845,0.6470016241073608,0.008210788480937481,0.01740015484392643,0.26848381757736206,0.6470016241073608,기타 괴롭힘 대화
0.07855448126792908,0.03953409940004349,0.0056694564409554005,0.10838145762681961,0.7678605318069458,0.7678605318069458,직장 내 괴롭힘 대화
0.047525256872177124,0.9675094485282898,0.02911456674337387,0.041408438235521317,-0.08555769920349121,0.9675094485282898,기타 괴롭힘 대화
0.036983735859394073,0.04383321478962898,0.022513313218951225,0.9689397215843201,-0.07227003574371338,0.9689397215843201,직장 내 괴롭힘 대화
0.052778296172618866,0.04964377358555794,0.008703868836164474,0.022829730063676834,0.8660443425178528,0.8660443425178528,갈취 대화
0.04067389667034149,0.8479599356651306,0.020219802856445312,0.0194142684340477,0.07173210382461548,0.8479599356651306,기타 괴롭힘 대화
0.058391980826854706,0.9196560978889465,0.012526663951575756,0.03640599548816681,-0.02698075771331787,0.9196560978889465,기타 괴롭힘 대화
0.0,0.0,0.0,0.0,1.0,1.0,갈취 대화
0.8130469918251038,0.029271507635712624,0.013007750734686852,0.014416327700018883,0.13025742769241333,0.8130469918251038,갈취 대화
0.04753415286540985,0.8577008843421936,0.013223424553871155,0.02164432778954506,0.05989718437194824,0.8577008843421936,기타 괴롭힘 대화
0.03456825390458107,0.0365184023976326,0.02613290213048458,0.9710025191307068,-0.0682220458984375,0.9710025191307068,직장 내 괴롭힘 대화
0.05664942041039467,0.9733691215515137,0.038038913160562515,0.03459012508392334,-0.10264766216278076,0.9733691215515137,기타 괴롭힘 대화
0.030749011784791946,0.03911959379911423,0.026863858103752136,0.9704580307006836,-0.06719052791595459,0.9704580307006836,직장 내 괴롭힘 대화
0.04558863863348961,0.18097105622291565,0.00887377094477415,0.012938035652041435,0.7516285181045532,0.7516285181045532,기타 괴롭힘 대화
0.02833537384867668,0.08382485061883926,0.027207229286432266,0.9652491807937622,-0.10461664199829102,0.9652491807937622,직장 내 괴롭힘 대화
0.02774675004184246,0.05235917866230011,0.020462283864617348,0.9635355472564697,-0.06410372257232666,0.9635355472564697,직장 내 괴롭힘 대화
0.45692870020866394,0.298615425825119,0.006009699776768684,0.027291150763630867,0.2111549973487854,0.45692870020866394,갈취 대화
0.0359930656850338,0.05819227173924446,0.02231997810304165,0.9716372489929199,-0.0881425142288208,0.9716372489929199,직장 내 괴롭힘 대화
0.013030844740569592,0.26227426528930664,0.18363302946090698,0.021169954910874367,0.5198918581008911,0.5198918581008911,기타 괴롭힘 대화
0.8025763034820557,0.3197426497936249,0.012439744547009468,0.01361147966235876,-0.1483701467514038,0.8025763034820557,갈취 대화
0.0697077065706253,0.04523962363600731,0.01291609462350607,0.01315181516110897,0.8589847683906555,0.8589847683906555,갈취 대화
0.1760939508676529,0.077713742852211,0.014418793842196465,0.031981486827135086,0.6997920274734497,0.6997920274734497,갈취 대화
0.27638930082321167,0.03155035153031349,0.00968608446419239,0.012221117503941059,0.6701531410217285,0.6701531410217285,갈취 대화
0.042224202305078506,0.9588536620140076,0.0314873531460762,0.03888973593711853,-0.07145500183105469,0.9588536620140076,기타 괴롭힘 대화
0.17001576721668243,0.07968934625387192,0.004445945844054222,0.5103580355644226,0.23549091815948486,0.5103580355644226,직장 내 괴롭힘 대화
0.8932351469993591,0.029546227306127548,0.014845067635178566,0.018820514902472496,0.043553054332733154,0.8932351469993591,갈취 대화
0.02864098735153675,0.06567021459341049,0.9121725559234619,0.01260765828192234,-0.019091486930847168,0.9121725559234619,일반 대화
0.9519816637039185,0.06374936550855637,0.01926276832818985,0.025484159588813782,-0.06047797203063965,0.9519816637039185,갈취 대화
0.04429640993475914,0.08981781452894211,0.024613002315163612,0.9459395408630371,-0.10466670989990234,0.9459395408630371,직장 내 괴롭힘 대화
0.034803606569767,0.03838278725743294,0.027719171717762947,0.04270533472299576,0.8563891053199768,0.8563891053199768,직장 내 괴롭힘 대화
0.036526601761579514,0.03799782693386078,0.021791689097881317,0.9674815535545349,-0.0637977123260498,0.9674815535545349,직장 내 괴롭힘 대화
0.03508208319544792,0.030110711231827736,0.020987657830119133,0.016748229041695595,0.8970713019371033,0.8970713019371033,갈취 대화
0.09772922843694687,0.9444531202316284,0.028428256511688232,0.02767021209001541,-0.09828078746795654,0.9444531202316284,기타 괴롭힘 대화
0.04171532019972801,0.9574304223060608,0.028449775651097298,0.03498750180006027,-0.06258296966552734,0.9574304223060608,기타 괴롭힘 대화
0.03296450898051262,0.036719709634780884,0.024784844368696213,0.9689083695411682,-0.06337738037109375,0.9689083695411682,직장 내 괴롭힘 대화
0.45735564827919006,0.48095789551734924,0.01269758865237236,0.033363327383995056,0.01562553644180298,0.48095789551734924,기타 괴롭힘 대화
0.06372304260730743,0.038029465824365616,0.011584283784031868,0.9354796409606934,-0.04881644248962402,0.9354796409606934,직장 내 괴롭힘 대화
0.9005764126777649,0.029645457863807678,0.01619129255414009,0.019293220713734627,0.03429359197616577,0.9005764126777649,갈취 대화
0.05498786270618439,0.023692674934864044,0.008067816495895386,0.24050834774971008,0.6727433204650879,0.6727433204650879,직장 내 괴롭힘 대화
0.8923444747924805,0.13436558842658997,0.01359926164150238,0.016343822702765465,-0.05665314197540283,0.8923444747924805,갈취 대화
0.9607856273651123,0.032262515276670456,0.026636440306901932,0.028387580066919327,-0.048072099685668945,0.9607856273651123,갈취 대화
0.018764367327094078,0.05790361016988754,0.8653042316436768,0.01773519441485405,0.04029262065887451,0.8653042316436768,일반 대화
0.12180700898170471,0.04022993519902229,0.0068987593986094,0.022273031994700432,0.8087912797927856,0.8087912797927856,갈취 대화
0.027346324175596237,0.0772007629275322,0.006553365383297205,0.7972205281257629,0.09167903661727905,0.7972205281257629,직장 내 괴롭힘 대화
0.036784593015909195,0.04035813361406326,0.025945087894797325,0.9724470376968384,-0.07553482055664062,0.9724470376968384,직장 내 괴롭힘 대화
0.035111263394355774,0.04336811229586601,0.019285859540104866,0.9646109342575073,-0.06237614154815674,0.9646109342575073,직장 내 괴롭힘 대화
0.05378479138016701,0.9432277083396912,0.01930328458547592,0.0262632817029953,-0.042579054832458496,0.9432277083396912,기타 괴롭힘 대화
0.05139635130763054,0.9010201096534729,0.045485276728868484,0.035506974905729294,-0.0334087610244751,0.9010201096534729,기타 괴롭힘 대화
0.15686477720737457,0.026960177347064018,0.009159313514828682,0.01639021374285221,0.7906255125999451,0.7906255125999451,갈취 대화
0.39682090282440186,0.3748135268688202,0.012937548570334911,0.018834441900253296,0.1965935230255127,0.39682090282440186,갈취 대화
0.027682876214385033,0.11113928258419037,0.015317116864025593,0.01238548755645752,0.8334752321243286,0.8334752321243286,기타 괴롭힘 대화
0.858779788017273,0.02937947027385235,0.010928784497082233,0.026869431138038635,0.07404249906539917,0.858779788017273,갈취 대화
0.03356784209609032,0.04653533920645714,0.02293648011982441,0.9719192981719971,-0.0749589204788208,0.9719192981719971,직장 내 괴롭힘 대화
0.9539570808410645,0.056351229548454285,0.020011672750115395,0.028752917423844337,-0.05907285213470459,0.9539570808410645,갈취 대화
0.9619079828262329,0.031773075461387634,0.026593150570988655,0.030503425747156143,-0.05077767372131348,0.9619079828262329,갈취 대화
0.09788423776626587,0.1099153459072113,0.6959078311920166,0.019908370450139046,0.07638424634933472,0.6959078311920166,일반 대화
0.03940989822149277,0.039502598345279694,0.018911095336079597,0.9594473242759705,-0.05727088451385498,0.9594473242759705,직장 내 괴롭힘 대화
0.04176836460828781,0.054729752242565155,0.02198057621717453,0.9705485105514526,-0.08902716636657715,0.9705485105514526,직장 내 괴롭힘 대화
0.9585132598876953,0.03406127542257309,0.026679908856749535,0.027893075719475746,-0.047147512435913086,0.9585132598876953,갈취 대화
0.09169076383113861,0.034887731075286865,0.009196343831717968,0.9093842506408691,-0.045159101486206055,0.9093842506408691,직장 내 괴롭힘 대화
0.12192145735025406,0.9109097719192505,0.010351642034947872,0.04136410355567932,-0.08454692363739014,0.9109097719192505,기타 괴롭힘 대화
0.44517627358436584,0.6233608722686768,0.010752673260867596,0.012105926871299744,-0.09139573574066162,0.6233608722686768,기타 괴롭힘 대화
0.9573432207107544,0.03981087729334831,0.02162829041481018,0.026069993153214455,-0.044852375984191895,0.9573432207107544,갈취 대화
0.9540122747421265,0.029293881729245186,0.026076175272464752,0.028622843325138092,-0.03800523281097412,0.9540122747421265,갈취 대화
0.957256019115448,0.03890395164489746,0.023723198100924492,0.02733149565756321,-0.047214627265930176,0.957256019115448,갈취 대화
0.20142394304275513,0.024859467521309853,0.008573459461331367,0.8532863855361938,-0.0881432294845581,0.8532863855361938,직장 내 괴롭힘 대화
0.07051864266395569,0.027508096769452095,0.009414528496563435,0.19312100112438202,0.6994377374649048,0.6994377374649048,직장 내 괴롭힘 대화
0.9615082144737244,0.03365522250533104,0.026964081451296806,0.030141863971948624,-0.0522693395614624,0.9615082144737244,갈취 대화
0.021768338978290558,0.7613340616226196,0.10936388373374939,0.013653039932250977,0.09388065338134766,0.7613340616226196,기타 괴롭힘 대화
0.042010512202978134,0.9553004503250122,0.031188149005174637,0.024603908881545067,-0.053103089332580566,0.9553004503250122,기타 괴롭힘 대화
0.044343337416648865,0.9700418710708618,0.03508821874856949,0.03443968668580055,-0.08391308784484863,0.9700418710708618,기타 괴롭힘 대화
0.037408411502838135,0.586601734161377,0.009187058545649052,0.7577629685401917,-0.3909602165222168,0.7577629685401917,직장 내 괴롭힘 대화
0.056902170181274414,0.9675937294960022,0.0344727486371994,0.030029136687517166,-0.0889977216720581,0.9675937294960022,기타 괴롭힘 대화
0.8728082180023193,0.04347529262304306,0.015977982431650162,0.01259325910359621,0.055145263671875,0.8728082180023193,갈취 대화
0.028481638059020042,0.04809309169650078,0.01800762675702572,0.016804002225399017,0.8886136412620544,0.8886136412620544,기타 괴롭힘 대화
0.035576630383729935,0.9062381386756897,0.015392259694635868,0.03525347262620926,0.007539510726928711,0.9062381386756897,기타 괴롭힘 대화
0.05949792638421059,0.04340280592441559,0.013259436935186386,0.013929847627878189,0.8699100017547607,0.8699100017547607,갈취 대화
0.04836766794323921,0.9635640978813171,0.02687908709049225,0.03603962063789368,-0.07485044002532959,0.9635640978813171,기타 괴롭힘 대화
0.030624523758888245,0.8114616274833679,0.01635284721851349,0.141850546002388,-0.00028955936431884766,0.8114616274833679,기타 괴롭힘 대화
0.03369256854057312,0.8581555485725403,0.014446902088820934,0.020657282322645187,0.0730476975440979,0.8581555485725403,기타 괴롭힘 대화
0.0397796556353569,0.9600129127502441,0.037339355796575546,0.06493086367845535,-0.10206282138824463,0.9600129127502441,기타 괴롭힘 대화
0.9644033312797546,0.030410312116146088,0.027486365288496017,0.035801444202661514,-0.05810141563415527,0.9644033312797546,갈취 대화
0.04830491170287132,0.9703463315963745,0.03275805711746216,0.03431200236082077,-0.08572125434875488,0.9703463315963745,기타 괴롭힘 대화
0.036847908049821854,0.030665317550301552,0.010399692691862583,0.8834344744682312,0.03865259885787964,0.8834344744682312,직장 내 괴롭힘 대화
0.026876039803028107,0.03586404025554657,0.019865524023771286,0.01841605082154274,0.8989783525466919,0.8989783525466919,기타 괴롭힘 대화
0.04072938859462738,0.0329919271171093,0.016500482335686684,0.01735159009695053,0.892426609992981,0.892426609992981,갈취 대화
0.27002468705177307,0.10226795077323914,0.009492211975157261,0.008402172476053238,0.6098129749298096,0.6098129749298096,갈취 대화
0.03456331416964531,0.8100958466529846,0.016801629215478897,0.01768842153251171,0.12085080146789551,0.8100958466529846,기타 괴롭힘 대화
0.9639849066734314,0.032333213835954666,0.028261423110961914,0.03422432765364647,-0.05880379676818848,0.9639849066734314,갈취 대화
0.07176866382360458,0.03071538358926773,0.008074363693594933,0.03533872216939926,0.8541028499603271,0.8541028499603271,갈취 대화
0.04001346975564957,0.9309381246566772,0.02245165780186653,0.02351950854063034,-0.016922712326049805,0.9309381246566772,기타 괴롭힘 대화
0.7582827806472778,0.06907307356595993,0.010268814861774445,0.02364714816212654,0.13872820138931274,0.7582827806472778,갈취 대화
0.9543869495391846,0.04575304314494133,0.023702433332800865,0.026193832978606224,-0.05003619194030762,0.9543869495391846,갈취 대화
0.027791641652584076,0.755331814289093,0.010495680384337902,0.3695151209831238,-0.16313421726226807,0.755331814289093,기타 괴롭힘 대화
0.059460241347551346,0.9524313807487488,0.029543157666921616,0.0416274294257164,-0.08306217193603516,0.9524313807487488,기타 괴롭힘 대화
0.20521728694438934,0.03590914234519005,0.008679481223225594,0.013624655082821846,0.7365694046020508,0.7365694046020508,갈취 대화
0.035811278969049454,0.03496471419930458,0.02390180341899395,0.9699086546897888,-0.06458640098571777,0.9699086546897888,직장 내 괴롭힘 대화
0.042526036500930786,0.9694201946258545,0.04337519407272339,0.0439332015812397,-0.09925460815429688,0.9694201946258545,기타 괴롭힘 대화
0.04354408383369446,0.9527574181556702,0.02408110536634922,0.027805270627141,-0.048187971115112305,0.9527574181556702,기타 괴롭힘 대화
0.03844544664025307,0.03370945528149605,0.011681685224175453,0.029309585690498352,0.886853814125061,0.886853814125061,갈취 대화
0.05593588948249817,0.9681190252304077,0.03337261453270912,0.029296021908521652,-0.08672356605529785,0.9681190252304077,기타 괴롭힘 대화
0.03482622280716896,0.0259671900421381,0.016725754365324974,0.7770463228225708,0.14543449878692627,0.7770463228225708,직장 내 괴롭힘 대화
0.0330362394452095,0.034000348299741745,0.0190932285040617,0.018821388483047485,0.8950487971305847,0.8950487971305847,기타 괴롭힘 대화
0.0313129648566246,0.8419005870819092,0.00790057610720396,0.19755889475345612,-0.07867300510406494,0.8419005870819092,기타 괴롭힘 대화
0.04224130138754845,0.9684436917304993,0.035736195743083954,0.032660387456417084,-0.07908153533935547,0.9684436917304993,기타 괴롭힘 대화
0.03526488319039345,0.03681134060025215,0.026209088042378426,0.9695377349853516,-0.06782305240631104,0.9695377349853516,직장 내 괴롭힘 대화
0.03340722620487213,0.04836757853627205,0.9624784588813782,0.018193427473306656,-0.0624467134475708,0.9624784588813782,일반 대화
0.03966778516769409,0.962882936000824,0.029179703444242477,0.03485355153679848,-0.06658399105072021,0.962882936000824,기타 괴롭힘 대화
0.8736863732337952,0.2576744258403778,0.01731349155306816,0.01205546036362648,-0.1607297658920288,0.8736863732337952,갈취 대화
0.08903160691261292,0.16015495359897614,0.005950781051069498,0.01693292148411274,0.7279297113418579,0.7279297113418579,기타 괴롭힘 대화
0.034836672246456146,0.038974419236183167,0.02512405626475811,0.9735020995140076,-0.07243728637695312,0.9735020995140076,직장 내 괴롭힘 대화
0.038816068321466446,0.037513259798288345,0.018680937588214874,0.962412416934967,-0.057422637939453125,0.962412416934967,직장 내 괴롭힘 대화
0.09854026883840561,0.9313054084777832,0.015805916860699654,0.028436362743377686,-0.07408809661865234,0.9313054084777832,기타 괴롭힘 대화
0.09268424659967422,0.7087007761001587,0.004607876762747765,0.19054384529590607,0.003463268280029297,0.7087007761001587,기타 괴롭힘 대화
0.05383242294192314,0.9703323841094971,0.03451249748468399,0.032516639679670334,-0.09119391441345215,0.9703323841094971,기타 괴롭힘 대화
0.15804027020931244,0.1011953130364418,0.005209370516240597,0.01973910443484783,0.7158159613609314,0.7158159613609314,갈취 대화
0.03512486815452576,0.03649260848760605,0.02605949155986309,0.9726052284240723,-0.0702822208404541,0.9726052284240723,직장 내 괴롭힘 대화
0.18465939164161682,0.8742895722389221,0.015490945428609848,0.01572849228978157,-0.09016835689544678,0.8742895722389221,기타 괴롭힘 대화
0.05708068609237671,0.9449576139450073,0.01681572012603283,0.03573233261704445,-0.05458629131317139,0.9449576139450073,기타 괴롭힘 대화
0.05086606368422508,0.03755511716008186,0.012982497923076153,0.9482583403587341,-0.049661993980407715,0.9482583403587341,직장 내 괴롭힘 대화
0.030025269836187363,0.8337830901145935,0.01195001881569624,0.026891788467764854,0.09734988212585449,0.8337830901145935,기타 괴롭힘 대화
0.1681349277496338,0.03908250853419304,0.010304783470928669,0.8895560503005981,-0.10707831382751465,0.8895560503005981,직장 내 괴롭힘 대화
0.029149487614631653,0.11894090473651886,0.012508934363722801,0.95140540599823,-0.11200475692749023,0.95140540599823,직장 내 괴롭힘 대화
0.0376928448677063,0.8786120414733887,0.011213530786335468,0.030436143279075623,0.042045414447784424,0.8786120414733887,기타 괴롭힘 대화
0.10414417088031769,0.9266411662101746,0.01597038097679615,0.06386740505695343,-0.11062312126159668,0.9266411662101746,기타 괴롭힘 대화
0.039013829082250595,0.794650137424469,0.06265208125114441,0.06605948507785797,0.037624478340148926,0.794650137424469,기타 괴롭힘 대화
0.07024116814136505,0.0379645898938179,0.011557718738913536,0.01542898453772068,0.8648075461387634,0.8648075461387634,갈취 대화
0.9187453389167786,0.02840699441730976,0.01697927713394165,0.020955238491296768,0.01491314172744751,0.9187453389167786,갈취 대화
0.037130724638700485,0.8584795594215393,0.0128842294216156,0.021660378202795982,0.06984513998031616,0.8584795594215393,기타 괴롭힘 대화
0.026045970618724823,0.04644303396344185,0.0252392515540123,0.013201572932302952,0.8890701532363892,0.8890701532363892,기타 괴롭힘 대화
0.04529839754104614,0.9436786770820618,0.021583857014775276,0.04230120778083801,-0.05286216735839844,0.9436786770820618,기타 괴롭힘 대화
0.9628200531005859,0.03664270415902138,0.026878483593463898,0.029506023973226547,-0.05584728717803955,0.9628200531005859,갈취 대화
0.0418957881629467,0.9607843160629272,0.022580422461032867,0.04038620367646217,-0.06564664840698242,0.9607843160629272,기타 괴롭힘 대화
0.9653290510177612,0.031597208231687546,0.028573691844940186,0.038893476128578186,-0.06439340114593506,0.9653290510177612,갈취 대화
0.06509660929441452,0.7575068473815918,0.007801421917974949,0.02185758203268051,0.1477375626564026,0.7575068473815918,기타 괴롭힘 대화
0.03924022987484932,0.8141555786132812,0.017550289630889893,0.01308803167194128,0.1159658432006836,0.8141555786132812,기타 괴롭힘 대화
0.07067623734474182,0.07064081728458405,0.7351308465003967,0.017677487805485725,0.10587459802627563,0.7351308465003967,일반 대화
0.05624416843056679,0.9293004870414734,0.020842738449573517,0.01855979673564434,-0.024947285652160645,0.9293004870414734,기타 괴롭힘 대화
0.05106674134731293,0.9606044292449951,0.02490590512752533,0.03089967370033264,-0.06747674942016602,0.9606044292449951,기타 괴롭힘 대화
0.04156540334224701,0.03612832725048065,0.019299307838082314,0.9650323987007141,-0.06202542781829834,0.9650323987007141,직장 내 괴롭힘 대화
0.03644400089979172,0.36848679184913635,0.010405868291854858,0.012580903246998787,0.5720824003219604,0.5720824003219604,기타 괴롭힘 대화
0.04304337874054909,0.9072726964950562,0.014310013502836227,0.03544317185878754,-6.92605972290039e-05,0.9072726964950562,기타 괴롭힘 대화
0.6089234352111816,0.403008371591568,0.005680111236870289,0.02902425266802311,-0.046636104583740234,0.6089234352111816,갈취 대화
0.03120310604572296,0.06297007203102112,0.013590298593044281,0.017672637477517128,0.8745638728141785,0.8745638728141785,기타 괴롭힘 대화
0.048045724630355835,0.9716408848762512,0.03857589140534401,0.03595990687608719,-0.09422242641448975,0.9716408848762512,기타 괴롭힘 대화
0.03551515191793442,0.03959408029913902,0.024241531267762184,0.9711698889732361,-0.07052063941955566,0.9711698889732361,직장 내 괴롭힘 대화
0.05470246449112892,0.09583128988742828,0.0028424623887985945,0.2490963339805603,0.5975274443626404,0.5975274443626404,직장 내 괴롭힘 대화
0.03226799517869949,0.07813466340303421,0.017340121790766716,0.9650384187698364,-0.0927811861038208,0.9650384187698364,직장 내 괴롭힘 대화
0.03254997357726097,0.04737548902630806,0.01812085136771202,0.9651119112968445,-0.06315827369689941,0.9651119112968445,직장 내 괴롭힘 대화
0.021105268970131874,0.10064583271741867,0.018154632300138474,0.02290736883878708,0.8371869325637817,0.8371869325637817,기타 괴롭힘 대화
0.4816174805164337,0.7071216106414795,0.015842387452721596,0.012395225465297699,-0.21697676181793213,0.7071216106414795,기타 괴롭힘 대화
0.0745711550116539,0.9363309741020203,0.02045540325343609,0.022643962875008583,-0.054001450538635254,0.9363309741020203,기타 괴롭힘 대화
0.10035249590873718,0.03225851058959961,0.009372832253575325,0.9101538062095642,-0.05213761329650879,0.9101538062095642,직장 내 괴롭힘 대화
0.8001753091812134,0.042016107589006424,0.011750778183341026,0.01359290536493063,0.1324649453163147,0.8001753091812134,갈취 대화
0.05976399406790733,0.9254583716392517,0.06280767172574997,0.0356418676674366,-0.0836719274520874,0.9254583716392517,기타 괴롭힘 대화
0.029482675716280937,0.15171284973621368,0.7050257325172424,0.008950614370405674,0.1048281192779541,0.7050257325172424,일반 대화
0.027238527312874794,0.03599316626787186,0.9610140323638916,0.018218565732240677,-0.042464256286621094,0.9610140323638916,일반 대화
0.09911736845970154,0.1569340080022812,0.00863772351294756,0.009679852053523064,0.725631058216095,0.725631058216095,기타 괴롭힘 대화
0.07262004166841507,0.043093740940093994,0.006420147139579058,0.027971183881163597,0.8498948812484741,0.8498948812484741,갈취 대화
0.9628517627716064,0.03815026953816414,0.028524471446871758,0.027713993564248085,-0.05724060535430908,0.9628517627716064,갈취 대화
0.04025654494762421,0.04559378698468208,0.04187789559364319,0.824530839920044,0.047740936279296875,0.824530839920044,직장 내 괴롭힘 대화
0.10752523690462112,0.4831802248954773,0.006555110216140747,0.013162804767489433,0.38957661390304565,0.4831802248954773,기타 괴롭힘 대화
0.015523144975304604,0.02559354156255722,0.25001654028892517,0.014706750400364399,0.694159984588623,0.694159984588623,일반 대화
0.9074435830116272,0.030613066628575325,0.01731858029961586,0.021490050479769707,0.023134708404541016,0.9074435830116272,갈취 대화
0.09209617227315903,0.06858418881893158,0.8609814643859863,0.011190972290933132,-0.032852768898010254,0.8609814643859863,일반 대화
0.9493982791900635,0.044949889183044434,0.020700553432106972,0.038868848234415054,-0.053917646408081055,0.9493982791900635,갈취 대화
0.06216467171907425,0.031073449179530144,0.010623929090797901,0.021401070058345795,0.8747369050979614,0.8747369050979614,갈취 대화
0.9579400420188904,0.04124482721090317,0.02529606968164444,0.023457108065485954,-0.047937989234924316,0.9579400420188904,갈취 대화
0.10842505842447281,0.1351688802242279,0.006511190440505743,0.012954341247677803,0.7369405031204224,0.7369405031204224,기타 괴롭힘 대화
0.03412237390875816,0.035048652440309525,0.025509733706712723,0.969826877117157,-0.06450760364532471,0.969826877117157,직장 내 괴롭힘 대화
0.05895152688026428,0.054896678775548935,0.011484013870358467,0.012285640463232994,0.862382173538208,0.862382173538208,갈취 대화
0.04717787355184555,0.9662992358207703,0.026998575776815414,0.03468519449234009,-0.07516074180603027,0.9662992358207703,기타 괴롭힘 대화
0.10102425515651703,0.8013858199119568,0.009160788729786873,0.016640005633234978,0.07178908586502075,0.8013858199119568,기타 괴롭힘 대화
0.6938750743865967,0.1973697990179062,0.009300592355430126,0.009217771701514721,0.09023672342300415,0.6938750743865967,갈취 대화
0.05571785196661949,0.9703294634819031,0.03534197434782982,0.03041147254407406,-0.09180080890655518,0.9703294634819031,기타 괴롭힘 대화
0.04093875735998154,0.9664870500564575,0.028050385415554047,0.0416017584502697,-0.07707798480987549,0.9664870500564575,기타 괴롭힘 대화
0.9611802101135254,0.03225383535027504,0.025641635060310364,0.031116366386413574,-0.05019211769104004,0.9611802101135254,갈취 대화
0.12200863659381866,0.6538698673248291,0.009408473037183285,0.009979287162423134,0.2047337293624878,0.6538698673248291,기타 괴롭힘 대화
0.037976060062646866,0.960479736328125,0.031081870198249817,0.032776493579149246,-0.06231415271759033,0.960479736328125,기타 괴롭힘 대화
0.04542326182126999,0.9707546234130859,0.037451911717653275,0.03513462841510773,-0.08876442909240723,0.9707546234130859,기타 괴롭힘 대화
0.04691219702363014,0.9663383364677429,0.032546430826187134,0.03419036045670509,-0.07998740673065186,0.9663383364677429,기타 괴롭힘 대화
0.052283283323049545,0.9674748778343201,0.02986225299537182,0.035389043390750885,-0.08500945568084717,0.9674748778343201,기타 괴롭힘 대화
0.031503330916166306,0.04072711244225502,0.025988852605223656,0.9725130796432495,-0.07073235511779785,0.9725130796432495,직장 내 괴롭힘 대화
0.03509107604622841,0.09817986935377121,0.9296968579292297,0.0200312752276659,-0.08299911022186279,0.9296968579292297,일반 대화
0.9672542214393616,0.03175104781985283,0.029406778514385223,0.04091498628258705,-0.06932699680328369,0.9672542214393616,갈취 대화
0.05171447992324829,0.03586968407034874,0.01578700542449951,0.9589861631393433,-0.062357306480407715,0.9589861631393433,직장 내 괴롭힘 대화
0.767281711101532,0.41334953904151917,0.013612817041575909,0.011678448878228664,-0.20592260360717773,0.767281711101532,갈취 대화
0.03977280110120773,0.03553764522075653,0.020170437172055244,0.9664644598960876,-0.061945319175720215,0.9664644598960876,직장 내 괴롭힘 대화
0.8414158225059509,0.0475047342479229,0.01346173882484436,0.017640456557273865,0.07997727394104004,0.8414158225059509,갈취 대화
0.7450303435325623,0.025955572724342346,0.009444966912269592,0.01906919851899147,0.20049995183944702,0.7450303435325623,갈취 대화
0.061223048716783524,0.1173565685749054,0.010089443065226078,0.942392110824585,-0.13106119632720947,0.942392110824585,직장 내 괴롭힘 대화
0.03863044083118439,0.046591438353061676,0.015865517780184746,0.014956144616007805,0.8839564323425293,0.8839564323425293,기타 괴롭힘 대화
0.030361108481884003,0.04023779556155205,0.02892332151532173,0.9691010117530823,-0.06862318515777588,0.9691010117530823,직장 내 괴롭힘 대화
0.03797956183552742,0.03445008397102356,0.01916833594441414,0.9636238813400269,-0.0552217960357666,0.9636238813400269,직장 내 괴롭힘 대화
0.9529496431350708,0.06430298089981079,0.021090442314743996,0.020658420398831367,-0.05900144577026367,0.9529496431350708,갈취 대화
0.032570455223321915,0.7500311136245728,0.007783691864460707,0.10143917798995972,0.10817551612854004,0.7500311136245728,기타 괴롭힘 대화
0.12156368046998978,0.04330337047576904,0.01367228478193283,0.9347571730613708,-0.1132965087890625,0.9347571730613708,직장 내 괴롭힘 대화
0.9622814655303955,0.03665071353316307,0.026175733655691147,0.03857404366135597,-0.063681960105896,0.9622814655303955,갈취 대화
0.03391367569565773,0.036032743752002716,0.02710985764861107,0.9725587368011475,-0.06961500644683838,0.9725587368011475,직장 내 괴롭힘 대화
0.761085033416748,0.3035182058811188,0.008587174117565155,0.030663717538118362,-0.10385406017303467,0.761085033416748,갈취 대화
0.0458795502781868,0.955599308013916,0.016250118613243103,0.05914486572146416,-0.07687389850616455,0.955599308013916,기타 괴롭힘 대화
0.44642314314842224,0.040834780782461166,0.005295764654874802,0.034843046218156815,0.4726032614707947,0.4726032614707947,갈취 대화
0.059173583984375,0.9612298011779785,0.025138355791568756,0.030657276511192322,-0.07619905471801758,0.9612298011779785,기타 괴롭힘 대화
0.031290020793676376,0.036137718707323074,0.02377488650381565,0.9537394642829895,-0.04494214057922363,0.9537394642829895,직장 내 괴롭힘 대화
0.09739631414413452,0.9503178596496582,0.023294342681765556,0.03430077061057091,-0.1053093671798706,0.9503178596496582,기타 괴롭힘 대화
0.050278741866350174,0.9654111266136169,0.029971059411764145,0.030156301334500313,-0.07581710815429688,0.9654111266136169,기타 괴롭힘 대화
0.025149768218398094,0.0550236850976944,0.6985824704170227,0.015679845586419106,0.20556426048278809,0.6985824704170227,일반 대화
0.052451957017183304,0.8666104674339294,0.009003675542771816,0.12031132727861404,-0.04837751388549805,0.8666104674339294,기타 괴롭힘 대화
0.20557564496994019,0.8703523874282837,0.020725691691040993,0.014005615375936031,-0.11065936088562012,0.8703523874282837,기타 괴롭힘 대화
0.8860925436019897,0.03258208557963371,0.014805390499532223,0.01847108080983162,0.04804891347885132,0.8860925436019897,갈취 대화
0.026198778301477432,0.5889467597007751,0.05472210422158241,0.010553406551480293,0.3195788860321045,0.5889467597007751,기타 괴롭힘 대화
0.020857203751802444,0.08880902826786041,0.020218415185809135,0.013308512978255749,0.8568068742752075,0.8568068742752075,기타 괴롭힘 대화
0.03600211814045906,0.03838120400905609,0.0211259163916111,0.965013325214386,-0.06052255630493164,0.965013325214386,직장 내 괴롭힘 대화
0.7981207370758057,0.06904632598161697,0.055869847536087036,0.011804723180830479,0.06515836715698242,0.7981207370758057,갈취 대화
0.03563983738422394,0.037659190595149994,0.025001203641295433,0.969918429851532,-0.06821870803833008,0.969918429851532,직장 내 괴롭힘 대화
0.04467814415693283,0.03034854494035244,0.015836158767342567,0.9523009061813354,-0.04316377639770508,0.9523009061813354,직장 내 괴롭힘 대화
0.04064062610268593,0.9667398929595947,0.03507985547184944,0.04008110240101814,-0.08254146575927734,0.9667398929595947,기타 괴롭힘 대화
0.03449813649058342,0.043712444603443146,0.024279553443193436,0.9701026082038879,-0.07259273529052734,0.9701026082038879,직장 내 괴롭힘 대화
0.03921649977564812,0.036031849682331085,0.0212873425334692,0.9677039980888367,-0.0642397403717041,0.9677039980888367,직장 내 괴롭힘 대화
0.9674180746078491,0.036256976425647736,0.028058841824531555,0.03736625611782074,-0.0691002607345581,0.9674180746078491,갈취 대화
0.03345758467912674,0.09454690665006638,0.011514535173773766,0.013971119187772274,0.8465098738670349,0.8465098738670349,기타 괴롭힘 대화
0.04828731343150139,0.8837414383888245,0.01893586851656437,0.014862371608614922,0.034173011779785156,0.8837414383888245,기타 괴롭힘 대화
0.03148696571588516,0.03596288338303566,0.025781175121665,0.9690751433372498,-0.06230616569519043,0.9690751433372498,직장 내 괴롭힘 대화
0.04282160848379135,0.1628500074148178,0.06441760808229446,0.47482284903526306,0.2550879716873169,0.47482284903526306,직장 내 괴롭힘 대화
0.032539110630750656,0.03880518302321434,0.025866428390145302,0.9716084599494934,-0.06881916522979736,0.9716084599494934,직장 내 괴롭힘 대화
0.8968995213508606,0.054204121232032776,0.019769277423620224,0.012723511084914207,0.016403615474700928,0.8968995213508606,갈취 대화
0.03338292986154556,0.03439801558852196,0.02494283951818943,0.9694697856903076,-0.06219351291656494,0.9694697856903076,직장 내 괴롭힘 대화
0.9287718534469604,0.030149348080158234,0.01665024645626545,0.02209506742656231,0.0023334622383117676,0.9287718534469604,갈취 대화
0.04355328157544136,0.96158367395401,0.022804265841841698,0.0372035875916481,-0.06514477729797363,0.96158367395401,기타 괴롭힘 대화
0.9476176500320435,0.053629882633686066,0.019762763753533363,0.024737773463129997,-0.045747995376586914,0.9476176500320435,갈취 대화
0.9643940329551697,0.031864844262599945,0.027847999706864357,0.03507097065448761,-0.05917787551879883,0.9643940329551697,갈취 대화
0.04666166380047798,0.9686837196350098,0.034191131591796875,0.035029709339141846,-0.08456611633300781,0.9686837196350098,기타 괴롭힘 대화
0.04479755833745003,0.9715477824211121,0.03684119135141373,0.03455242142081261,-0.0877389907836914,0.9715477824211121,기타 괴롭힘 대화
0.034747473895549774,0.03938768804073334,0.023622319102287292,0.9708142876625061,-0.06857180595397949,0.9708142876625061,직장 내 괴롭힘 대화
0.07575810700654984,0.9429879784584045,0.01878499425947666,0.022721702232956886,-0.06025278568267822,0.9429879784584045,기타 괴롭힘 대화
0.03831437602639198,0.7553897500038147,0.10454109311103821,0.015628427267074585,0.08612632751464844,0.7553897500038147,기타 괴롭힘 대화
0.029736969619989395,0.9051879048347473,0.046889156103134155,0.03495686128735542,-0.01677083969116211,0.9051879048347473,기타 괴롭힘 대화
0.9608468413352966,0.03450027108192444,0.023481527343392372,0.03149205446243286,-0.05032062530517578,0.9608468413352966,갈취 대화
0.027424439787864685,0.11217670142650604,0.01763182319700718,0.011525357142090797,0.8312416672706604,0.8312416672706604,기타 괴롭힘 대화
0.05643349140882492,0.02199869230389595,0.012340284883975983,0.33080387115478516,0.5784236192703247,0.5784236192703247,직장 내 괴롭힘 대화
0.044700413942337036,0.9642413854598999,0.02984757162630558,0.03046414814889431,-0.06925356388092041,0.9642413854598999,기타 괴롭힘 대화
0.043777987360954285,0.03982287272810936,0.01459918450564146,0.015469477511942387,0.8863304853439331,0.8863304853439331,갈취 대화
0.03262605518102646,0.03469296917319298,0.029453422874212265,0.9626391530036926,-0.05941164493560791,0.9626391530036926,직장 내 괴롭힘 대화
0.9647377729415894,0.03319733589887619,0.026581496000289917,0.03350100293755531,-0.058017611503601074,0.9647377729415894,갈취 대화
0.9666026830673218,0.03232510760426521,0.02925984375178814,0.0375976599752903,-0.06578528881072998,0.9666026830673218,갈취 대화
0.030025269836187363,0.8337830901145935,0.01195001881569624,0.026891788467764854,0.09734988212585449,0.8337830901145935,기타 괴롭힘 대화
0.025432957336306572,0.08685024827718735,0.011975104920566082,0.9381394982337952,-0.06239783763885498,0.9381394982337952,직장 내 괴롭힘 대화
0.9444957375526428,0.06497297435998917,0.01907743327319622,0.017825163900852203,-0.0463712215423584,0.9444957375526428,갈취 대화
0.030613040551543236,0.03673860803246498,0.025516051799058914,0.9683970808982849,-0.061264753341674805,0.9683970808982849,직장 내 괴롭힘 대화
0.09861410409212112,0.06015576049685478,0.0037274786736816168,0.07694000750780106,0.7605626583099365,0.7605626583099365,갈취 대화
0.9674140810966492,0.032900650054216385,0.029568783938884735,0.03637286275625229,-0.06625640392303467,0.9674140810966492,갈취 대화
0.023282624781131744,0.18277084827423096,0.6769753098487854,0.010638128034770489,0.10633313655853271,0.6769753098487854,일반 대화
0.041896555572748184,0.937091588973999,0.03233327344059944,0.039209526032209396,-0.05053091049194336,0.937091588973999,기타 괴롭힘 대화
0.03502081334590912,0.03842341899871826,0.02533193677663803,0.971339225769043,-0.07011544704437256,0.971339225769043,직장 내 괴롭힘 대화
0.3230033218860626,0.8024541735649109,0.013020736165344715,0.018915997818112373,-0.15739428997039795,0.8024541735649109,기타 괴롭힘 대화
0.9118004441261292,0.03924503177404404,0.01626361533999443,0.01602061279118061,0.0166703462600708,0.9118004441261292,갈취 대화
0.049263838678598404,0.972812831401825,0.040297381579875946,0.033492401242256165,-0.09586656093597412,0.972812831401825,기타 괴롭힘 대화
0.04907568544149399,0.9633482098579407,0.029866471886634827,0.029255706816911697,-0.07154607772827148,0.9633482098579407,기타 괴롭힘 대화
0.6643307209014893,0.02864714153110981,0.00884596724063158,0.016452619805932045,0.2817235589027405,0.6643307209014893,갈취 대화
0.04390500858426094,0.03560757264494896,0.01937728375196457,0.9662631750106812,-0.06515300273895264,0.9662631750106812,직장 내 괴롭힘 대화
0.10103654861450195,0.03296500816941261,0.011904237791895866,0.012529742904007435,0.8415644764900208,0.8415644764900208,갈취 대화
0.08434192091226578,0.6334452629089355,0.0067178611643612385,0.01525695901364088,0.26023799180984497,0.6334452629089355,기타 괴롭힘 대화
0.922580361366272,0.13838481903076172,0.018349017947912216,0.01472826860845089,-0.09404253959655762,0.922580361366272,갈취 대화
0.9629643559455872,0.03174184635281563,0.026051992550492287,0.033405859023332596,-0.05416405200958252,0.9629643559455872,갈취 대화
0.9658957123756409,0.0337824709713459,0.028324097394943237,0.03914055600762367,-0.06714284420013428,0.9658957123756409,갈취 대화
0.9103405475616455,0.1670140027999878,0.016152426600456238,0.02023543044924736,-0.11374235153198242,0.9103405475616455,갈취 대화
0.3855522572994232,0.051042232662439346,0.09869591891765594,0.009459343738853931,0.45525026321411133,0.45525026321411133,갈취 대화
0.033358607441186905,0.038403209298849106,0.027245067059993744,0.9723816514015198,-0.07138848304748535,0.9723816514015198,직장 내 괴롭힘 대화
0.04702829197049141,0.9457360506057739,0.01936103031039238,0.04444710537791252,-0.05657243728637695,0.9457360506057739,기타 괴롭힘 대화
0.5279542207717896,0.3522276282310486,0.008969918824732304,0.007864300161600113,0.10298395156860352,0.5279542207717896,갈취 대화
0.07733000069856644,0.032410629093647,0.011602921411395073,0.016262417659163475,0.8623940348625183,0.8623940348625183,갈취 대화
0.2553842067718506,0.03093600831925869,0.01037332508713007,0.013095861300826073,0.6902105808258057,0.6902105808258057,갈취 대화
0.14769881963729858,0.9267337918281555,0.024211907759308815,0.017321916297078133,-0.11596643924713135,0.9267337918281555,기타 괴롭힘 대화
0.9656772017478943,0.04125327616930008,0.02811993844807148,0.03034857288002968,-0.0653989315032959,0.9656772017478943,갈취 대화
0.330875039100647,0.1848592907190323,0.07009151577949524,0.021321503445506096,0.3928527235984802,0.3928527235984802,갈취 대화
0.12048261612653732,0.9435000419616699,0.025991002097725868,0.019352179020643234,-0.10932576656341553,0.9435000419616699,기타 괴롭힘 대화
0.9649340510368347,0.03096197172999382,0.028743630275130272,0.03592304885387421,-0.060562729835510254,0.9649340510368347,갈취 대화
0.03282266482710838,0.0468255989253521,0.9500476121902466,0.01605086773633957,-0.045746684074401855,0.9500476121902466,일반 대화
0.07337933033704758,0.9611493945121765,0.030672457069158554,0.036311615258455276,-0.10151278972625732,0.9611493945121765,기타 괴롭힘 대화
0.07321777194738388,0.03213758021593094,0.00986893754452467,0.020493702962994576,0.8642820119857788,0.8642820119857788,갈취 대화
0.0342041477560997,0.039073798805475235,0.028045006096363068,0.9729687571525574,-0.07429170608520508,0.9729687571525574,직장 내 괴롭힘 대화
0.03128357604146004,0.14673593640327454,0.01498006284236908,0.010219640098512173,0.7967808246612549,0.7967808246612549,기타 괴롭힘 대화
0.034686822444200516,0.03756795823574066,0.01912996917963028,0.014954865910112858,0.8936603665351868,0.8936603665351868,기타 괴롭힘 대화
0.9607095122337341,0.03870808333158493,0.022440655156970024,0.03308235481381416,-0.05494058132171631,0.9607095122337341,갈취 대화
0.037072259932756424,0.03837161138653755,0.020808963105082512,0.9665589928627014,-0.06281185150146484,0.9665589928627014,직장 내 괴롭힘 대화
0.02783956564962864,0.9123357534408569,0.047104284167289734,0.034111931920051575,-0.02139151096343994,0.9123357534408569,기타 괴롭힘 대화
0.9631561040878296,0.04705760255455971,0.025617383420467377,0.02730562910437584,-0.06313669681549072,0.9631561040878296,갈취 대화
0.23019731044769287,0.02812587097287178,0.01020058710128069,0.012778297066688538,0.7186979055404663,0.7186979055404663,갈취 대화
0.04224671423435211,0.17979833483695984,0.00821917224675417,0.015211469493806362,0.7545243501663208,0.7545243501663208,기타 괴롭힘 대화
0.11271671950817108,0.038884468376636505,0.007820164784789085,0.018213845789432526,0.8223648071289062,0.8223648071289062,갈취 대화
0.1277441382408142,0.6244507431983948,0.00779090216383338,0.38340532779693604,-0.14339113235473633,0.6244507431983948,기타 괴롭힘 대화
0.9648802280426025,0.032897766679525375,0.028657222166657448,0.03506523370742798,-0.06150054931640625,0.9648802280426025,갈취 대화
0.9260441660881042,0.12447366863489151,0.028977135196328163,0.01577555574476719,-0.09527051448822021,0.9260441660881042,갈취 대화
0.9668456315994263,0.03163585439324379,0.028804734349250793,0.04027990996837616,-0.0675661563873291,0.9668456315994263,갈취 대화
0.018623579293489456,0.5080521702766418,0.012155435048043728,0.8202017545700073,-0.35903286933898926,0.8202017545700073,직장 내 괴롭힘 대화
0.04985618218779564,0.9721163511276245,0.03514336794614792,0.036387573927640915,-0.09350347518920898,0.9721163511276245,기타 괴롭힘 대화
0.04874439537525177,0.9721582531929016,0.03703206777572632,0.03500589355826378,-0.09294068813323975,0.9721582531929016,기타 괴롭힘 대화
0.41978541016578674,0.07907795161008835,0.0053715212270617485,0.01774493232369423,0.4780201315879822,0.4780201315879822,갈취 대화
0.9274497628211975,0.06544498354196548,0.03922180086374283,0.018551060929894447,-0.050667643547058105,0.9274497628211975,갈취 대화
0.05463258549571037,0.9653192758560181,0.029457300901412964,0.02771708369255066,-0.07712626457214355,0.9653192758560181,기타 괴롭힘 대화
0.10703177750110626,0.4353664219379425,0.058335307985544205,0.010531262494623661,0.38873523473739624,0.4353664219379425,기타 괴롭힘 대화
0.9666366577148438,0.03321567550301552,0.02851751446723938,0.045772261917591095,-0.0741422176361084,0.9666366577148438,갈취 대화
0.9519752860069275,0.03833618387579918,0.020844334736466408,0.02349260076880455,-0.03464829921722412,0.9519752860069275,갈취 대화
0.03419492766261101,0.039950937032699585,0.025068311020731926,0.9718276262283325,-0.07104182243347168,0.9718276262283325,직장 내 괴롭힘 대화
0.030724534764885902,0.7724689245223999,0.014702100306749344,0.14518806338310242,0.036916375160217285,0.7724689245223999,기타 괴롭힘 대화
0.0844249278306961,0.9475759863853455,0.024432465434074402,0.020484326407313347,-0.07691764831542969,0.9475759863853455,기타 괴롭힘 대화
0.09420261532068253,0.03216619789600372,0.010147328488528728,0.926133930683136,-0.06265008449554443,0.926133930683136,직장 내 괴롭힘 대화
0.08130791783332825,0.8274403810501099,0.008224133402109146,0.04523986950516701,0.03778773546218872,0.8274403810501099,기타 괴롭힘 대화
0.9515417814254761,0.0524398609995842,0.020221322774887085,0.022402141243219376,-0.04660511016845703,0.9515417814254761,갈취 대화
0.4213510751724243,0.02867169864475727,0.004694943781942129,0.2711977958679199,0.2740844488143921,0.4213510751724243,갈취 대화
0.025384273380041122,0.11179932951927185,0.013891994953155518,0.9494711756706238,-0.10054683685302734,0.9494711756706238,직장 내 괴롭힘 대화
0.08883011341094971,0.057887692004442215,0.010122261941432953,0.010862184688448906,0.8322977423667908,0.8322977423667908,갈취 대화
0.036712054163217545,0.03910417482256889,0.025774218142032623,0.9716643691062927,-0.07325482368469238,0.9716643691062927,직장 내 괴롭힘 대화
0.07174596935510635,0.030176453292369843,0.009487428702414036,0.9048134684562683,-0.01622331142425537,0.9048134684562683,직장 내 괴롭힘 대화
0.40681418776512146,0.7539445757865906,0.013286346569657326,0.016947723925113678,-0.1909928321838379,0.7539445757865906,기타 괴롭힘 대화
0.9553263783454895,0.04126285761594772,0.02201543003320694,0.02585250698029995,-0.044457197189331055,0.9553263783454895,갈취 대화
0.06568671762943268,0.9405035376548767,0.01999945566058159,0.02026841603219509,-0.04645824432373047,0.9405035376548767,기타 괴롭힘 대화
0.966379702091217,0.03327183797955513,0.028293026611208916,0.0382259301841259,-0.06617045402526855,0.966379702091217,갈취 대화
0.8016824722290039,0.032895900309085846,0.01085716113448143,0.017511632293462753,0.13705283403396606,0.8016824722290039,갈취 대화
0.040847957134246826,0.038149770349264145,0.019505277276039124,0.966131865978241,-0.06463491916656494,0.966131865978241,직장 내 괴롭힘 대화
0.051705144345760345,0.06116195023059845,0.011432002298533916,0.013247126713395119,0.8624537587165833,0.8624537587165833,기타 괴롭힘 대화
0.09679283946752548,0.034929268062114716,0.00878138281404972,0.9122679233551025,-0.05277144908905029,0.9122679233551025,직장 내 괴롭힘 대화
0.04073464125394821,0.03420989215373993,0.01905975118279457,0.960258960723877,-0.05426323413848877,0.960258960723877,직장 내 괴롭힘 대화
0.058204907923936844,0.9655729532241821,0.03231906145811081,0.025131706148386,-0.08122861385345459,0.9655729532241821,기타 괴롭힘 대화
0.9473519325256348,0.05770106241106987,0.017570659518241882,0.024239765480160713,-0.046863436698913574,0.9473519325256348,갈취 대화
0.058663517236709595,0.9349468946456909,0.021812474355101585,0.03407668694853783,-0.04949951171875,0.9349468946456909,기타 괴롭힘 대화
0.1312953531742096,0.029872454702854156,0.01234545186161995,0.01235826127231121,0.8141285181045532,0.8141285181045532,갈취 대화
0.1998010277748108,0.026896674185991287,0.014115198515355587,0.013310505077242851,0.7458766102790833,0.7458766102790833,갈취 대화
0.05599130317568779,0.9665061831474304,0.02858305722475052,0.032804109156131744,-0.08388471603393555,0.9665061831474304,기타 괴롭힘 대화
0.9629850387573242,0.03732411935925484,0.024821147322654724,0.03209373727440834,-0.05722403526306152,0.9629850387573242,갈취 대화
0.02062118612229824,0.10446112602949142,0.0168794896453619,0.01465377863496542,0.8433844447135925,0.8433844447135925,기타 괴롭힘 대화
0.9322096705436707,0.10272996127605438,0.01498940959572792,0.025693664327263832,-0.07562267780303955,0.9322096705436707,갈취 대화
0.03936891630291939,0.04111994802951813,0.023188941180706024,0.9676135778427124,-0.07129132747650146,0.9676135778427124,직장 내 괴롭힘 대화
0.9674983024597168,0.032779086381196976,0.02923404984176159,0.041701789945364,-0.0712132453918457,0.9674983024597168,갈취 대화
0.04449157789349556,0.9554826021194458,0.01621287688612938,0.05786615237593651,-0.07405316829681396,0.9554826021194458,기타 괴롭힘 대화
0.057611268013715744,0.5306298136711121,0.00863056443631649,0.011380287818610668,0.39174801111221313,0.5306298136711121,기타 괴롭힘 대화
0.024811089038848877,0.028079545125365257,0.9014895558357239,0.01552376989275217,0.030095994472503662,0.9014895558357239,일반 대화
0.9525503516197205,0.03853168338537216,0.02219252474606037,0.023158982396125793,-0.03643357753753662,0.9525503516197205,갈취 대화
0.03963607922196388,0.5795124769210815,0.014867999590933323,0.01200893521308899,0.35397446155548096,0.5795124769210815,기타 괴롭힘 대화
0.05142023414373398,0.9699549674987793,0.032641589641571045,0.03082519955933094,-0.08484208583831787,0.9699549674987793,기타 괴롭힘 대화
0.1091969758272171,0.9502015113830566,0.02238522097468376,0.0218670591711998,-0.10365080833435059,0.9502015113830566,기타 괴롭힘 대화
0.03514593094587326,0.03506696969270706,0.023530807346105576,0.9683552980422974,-0.06209897994995117,0.9683552980422974,직장 내 괴롭힘 대화
0.03174123540520668,0.06171157956123352,0.014677328988909721,0.9546994566917419,-0.06282961368560791,0.9546994566917419,직장 내 괴롭힘 대화
0.044910673052072525,0.9699713587760925,0.034293416887521744,0.039545342326164246,-0.08872079849243164,0.9699713587760925,기타 괴롭힘 대화
0.05944962799549103,0.5361272692680359,0.010891987010836601,0.010092983022332191,0.3834381699562073,0.5361272692680359,기타 괴롭힘 대화
0.08836022764444351,0.1787048578262329,0.004157031420618296,0.6808407306671143,0.04793715476989746,0.6808407306671143,직장 내 괴롭힘 대화
0.7980314493179321,0.2187042236328125,0.01973872445523739,0.01941143162548542,-0.05588579177856445,0.7980314493179321,갈취 대화
0.04112716764211655,0.038632843643426895,0.023059308528900146,0.9714942574501038,-0.07431364059448242,0.9714942574501038,직장 내 괴롭힘 대화
0.6155149340629578,0.10906974226236343,0.009880714118480682,0.008178896270692348,0.2573556900024414,0.6155149340629578,갈취 대화
0.03795347362756729,0.4597102105617523,0.005012029316276312,0.03948197513818741,0.45784229040145874,0.4597102105617523,기타 괴롭힘 대화
0.08190552890300751,0.9366973638534546,0.020422881469130516,0.03353117033839226,-0.07255697250366211,0.9366973638534546,기타 괴롭힘 대화
0.10426659882068634,0.6067977547645569,0.011230478063225746,0.012245635502040386,0.2654595375061035,0.6067977547645569,기타 괴롭힘 대화
0.03967668488621712,0.04017243906855583,0.019903207197785378,0.9699269533157349,-0.06967926025390625,0.9699269533157349,직장 내 괴롭힘 대화
0.07775712758302689,0.19359643757343292,0.10711055994033813,0.3108769953250885,0.31065887212753296,0.3108769953250885,직장 내 괴롭힘 대화
0.031220408156514168,0.13198669254779816,0.006284617353230715,0.3095409870147705,0.5209673047065735,0.5209673047065735,직장 내 괴롭힘 대화
0.034369368106126785,0.2306341528892517,0.007409506011754274,0.03295289725065231,0.6946340799331665,0.6946340799331665,기타 괴롭힘 대화
0.8129095435142517,0.22262419760227203,0.04519243165850639,0.015734326094388962,-0.09646058082580566,0.8129095435142517,갈취 대화
0.950309157371521,0.03138486668467522,0.022769561037421227,0.025711072608828545,-0.030174612998962402,0.950309157371521,갈취 대화
0.03209274634718895,0.684289813041687,0.00944424420595169,0.025456061586737633,0.24871712923049927,0.684289813041687,기타 괴롭힘 대화
0.9412212371826172,0.04181480407714844,0.018161101266741753,0.020670434460043907,-0.02186751365661621,0.9412212371826172,갈취 대화
0.32061415910720825,0.044342972338199615,0.00978100299835205,0.0102069778367877,0.6150549054145813,0.6150549054145813,갈취 대화
0.05156632885336876,0.9079848527908325,0.014461138285696507,0.024227751418948174,0.001759946346282959,0.9079848527908325,기타 괴롭힘 대화
0.0500064343214035,0.972258985042572,0.038103606551885605,0.03248369321227074,-0.09285271167755127,0.972258985042572,기타 괴롭힘 대화
0.04815314710140228,0.9695900678634644,0.03378735110163689,0.031818684190511703,-0.08334922790527344,0.9695900678634644,기타 괴롭힘 대화
0.9581153988838196,0.0429144948720932,0.023148126900196075,0.024243861436843872,-0.04842185974121094,0.9581153988838196,갈취 대화
0.8054631352424622,0.058335937559604645,0.012964149937033653,0.011716319248080254,0.11152046918869019,0.8054631352424622,갈취 대화
0.030806919559836388,0.03949202224612236,0.02909519337117672,0.9698377847671509,-0.06923186779022217,0.9698377847671509,직장 내 괴롭힘 대화
0.053331926465034485,0.024960380047559738,0.014063362032175064,0.9391779899597168,-0.03153371810913086,0.9391779899597168,직장 내 괴롭힘 대화
0.04188503324985504,0.3331286907196045,0.008138442412018776,0.01489575207233429,0.601952075958252,0.601952075958252,기타 괴롭힘 대화
0.04966895282268524,0.9508944153785706,0.02550867199897766,0.022444861009716988,-0.04851686954498291,0.9508944153785706,기타 괴롭힘 대화
0.09462764114141464,0.9016302227973938,0.03040204383432865,0.026121564209461212,-0.05278146266937256,0.9016302227973938,기타 괴롭힘 대화
0.8979479074478149,0.03161989152431488,0.017207195982336998,0.016679219901561737,0.036545753479003906,0.8979479074478149,갈취 대화
0.4084395468235016,0.03117837756872177,0.007714955601841211,0.016714340075850487,0.5359528064727783,0.5359528064727783,갈취 대화
0.38735443353652954,0.7924637198448181,0.02723943069577217,0.023044556379318237,-0.23010218143463135,0.7924637198448181,기타 괴롭힘 대화
0.05051252245903015,0.9690080881118774,0.03438007831573486,0.03939368203282356,-0.09329438209533691,0.9690080881118774,기타 괴롭힘 대화
0.4999053180217743,0.03399956598877907,0.010788622312247753,0.010784999467432499,0.4445214867591858,0.4999053180217743,갈취 대화
0.0444776713848114,0.3207782208919525,0.28950196504592896,0.03528422489762306,0.30995792150497437,0.3207782208919525,기타 괴롭힘 대화
0.24335385859012604,0.8208409547805786,0.017525970935821533,0.02854195050895214,-0.11026275157928467,0.8208409547805786,기타 괴롭힘 대화
0.03889183700084686,0.03279852122068405,0.02343655377626419,0.9692408442497253,-0.06436777114868164,0.9692408442497253,직장 내 괴롭힘 대화
0.052767667919397354,0.9625838398933411,0.02785361558198929,0.027390915900468826,-0.07059609889984131,0.9625838398933411,기타 괴롭힘 대화
0.0682160034775734,0.03506752476096153,0.011761276051402092,0.017252977937459946,0.8677022457122803,0.8677022457122803,갈취 대화
0.04023107513785362,0.035390693694353104,0.020791050046682358,0.9670605063438416,-0.06347334384918213,0.9670605063438416,직장 내 괴롭힘 대화
0.05197255313396454,0.9609397649765015,0.029282717034220695,0.026787318289279938,-0.06898224353790283,0.9609397649765015,기타 괴롭힘 대화
0.7456578612327576,0.13514190912246704,0.07280532270669937,0.015405062586069107,0.03098982572555542,0.7456578612327576,갈취 대화
0.02477821335196495,0.051166437566280365,0.023454060778021812,0.961493730545044,-0.060892462730407715,0.961493730545044,직장 내 괴롭힘 대화
0.04060284420847893,0.04728202149271965,0.013649226166307926,0.01704510860145092,0.8814207911491394,0.8814207911491394,기타 괴롭힘 대화
0.038919027894735336,0.03283575922250748,0.019434036687016487,0.9615418910980225,-0.052730679512023926,0.9615418910980225,직장 내 괴롭힘 대화
0.03632855787873268,0.03474732115864754,0.02309100702404976,0.9677156209945679,-0.06188249588012695,0.9677156209945679,직장 내 괴롭힘 대화
0.07811228930950165,0.21061955392360687,0.4991166591644287,0.01973465085029602,0.19241690635681152,0.4991166591644287,일반 대화
0.4213210344314575,0.15358774363994598,0.08223270624876022,0.014987459406256676,0.32787102460861206,0.4213210344314575,갈취 대화
0.0806359052658081,0.28879013657569885,0.008778868243098259,0.009531890042126179,0.6122632026672363,0.6122632026672363,기타 괴롭힘 대화
0.06913213431835175,0.0314452163875103,0.014602079056203365,0.9516370296478271,-0.06681644916534424,0.9516370296478271,직장 내 괴롭힘 대화
0.059296078979969025,0.8484438061714172,0.013736525550484657,0.01827256567776203,0.06025099754333496,0.8484438061714172,기타 괴롭힘 대화
0.007607842329889536,0.11003341525793076,0.07461478561162949,0.20990781486034393,0.5978361368179321,0.5978361368179321,직장 내 괴롭힘 대화
0.9541729688644409,0.05081385374069214,0.01917385123670101,0.029902609065175056,-0.05406320095062256,0.9541729688644409,갈취 대화
0.03443817421793938,0.039871200919151306,0.025951776653528214,0.9735099673271179,-0.07377111911773682,0.9735099673271179,직장 내 괴롭힘 대화
0.03140072897076607,0.30562320351600647,0.0049266088753938675,0.7029393315315247,-0.04488992691040039,0.7029393315315247,직장 내 괴롭힘 대화
0.9603692293167114,0.03571753576397896,0.025203144177794456,0.02899838797748089,-0.05028831958770752,0.9603692293167114,갈취 대화
0.8894146084785461,0.030921177938580513,0.014826813712716103,0.019100118428468704,0.045737266540527344,0.8894146084785461,갈취 대화
0.0121552012860775,0.02595594711601734,0.5377004146575928,0.020075226202607155,0.404113233089447,0.5377004146575928,일반 대화
0.9487653970718384,0.02905394323170185,0.021209213882684708,0.027096379548311234,-0.026124954223632812,0.9487653970718384,갈취 대화
0.7345274686813354,0.023401809856295586,0.008818358182907104,0.08457735180854797,0.1486750841140747,0.7345274686813354,갈취 대화
0.03196301683783531,0.12606696784496307,0.018381919711828232,0.8985468745231628,-0.07495880126953125,0.8985468745231628,직장 내 괴롭힘 대화
0.031076351180672646,0.037881702184677124,0.025264780968427658,0.9695725440979004,-0.06379532814025879,0.9695725440979004,직장 내 괴롭힘 대화
0.1787007600069046,0.9095199704170227,0.02333834394812584,0.01842481456696987,-0.12998390197753906,0.9095199704170227,기타 괴롭힘 대화
0.29557687044143677,0.5825656652450562,0.008282107301056385,0.15668654441833496,-0.043111205101013184,0.5825656652450562,기타 괴롭힘 대화
0.031959276646375656,0.04475196823477745,0.02750198170542717,0.9731940031051636,-0.07740724086761475,0.9731940031051636,직장 내 괴롭힘 대화
0.012911457568407059,0.022622883319854736,0.15453000366687775,0.029468994587659836,0.7804666757583618,0.7804666757583618,일반 대화
0.03176850825548172,0.03912144899368286,0.020167063921689987,0.015284092165529728,0.8936588764190674,0.8936588764190674,기타 괴롭힘 대화
0.04287322610616684,0.03659888729453087,0.020343702286481857,0.9658210873603821,-0.06563687324523926,0.9658210873603821,직장 내 괴롭힘 대화
0.9634581804275513,0.051408927887678146,0.023898471146821976,0.03315120190382004,-0.07191669940948486,0.9634581804275513,갈취 대화
0.04989514872431755,0.03909275308251381,0.009486846625804901,0.023880114778876305,0.8776451349258423,0.8776451349258423,갈취 대화
0.029634177684783936,0.25480127334594727,0.6423666477203369,0.012681238353252411,0.06051665544509888,0.6423666477203369,일반 대화
0.0946502611041069,0.1550493836402893,0.006501469295471907,0.015432577580213547,0.7283663153648376,0.7283663153648376,기타 괴롭힘 대화
0.044228047132492065,0.03408891707658768,0.019369279965758324,0.9637909531593323,-0.0614771842956543,0.9637909531593323,직장 내 괴롭힘 대화
0.964283287525177,0.03449095040559769,0.027649756520986557,0.033180512487888336,-0.05960440635681152,0.964283287525177,갈취 대화
0.41103819012641907,0.6149320602416992,0.01932252012193203,0.014111855067312717,-0.059404611587524414,0.6149320602416992,기타 괴롭힘 대화
0.24841994047164917,0.14786960184574127,0.009603681974112988,0.22938627004623413,0.36472052335739136,0.36472052335739136,갈취 대화
0.05555325374007225,0.03690248355269432,0.014207571744918823,0.9548105001449585,-0.061473846435546875,0.9548105001449585,직장 내 괴롭힘 대화
0.5608407258987427,0.14047405123710632,0.007590419612824917,0.023702047765254974,0.26739275455474854,0.5608407258987427,갈취 대화
0.05439653620123863,0.9703486561775208,0.03453425318002701,0.029496289789676666,-0.08877575397491455,0.9703486561775208,기타 괴롭힘 대화
0.9669873118400574,0.03341899439692497,0.02862630970776081,0.03792816027998924,-0.06696069240570068,0.9669873118400574,갈취 대화
0.08679913729429245,0.214509055018425,0.005975570064038038,0.01429115328937769,0.6784250736236572,0.6784250736236572,기타 괴롭힘 대화
0.8599423766136169,0.056966301053762436,0.02224566973745823,0.012317928485572338,0.04852771759033203,0.8599423766136169,갈취 대화
0.04905003309249878,0.9704612493515015,0.03383554890751839,0.03419254347681999,-0.08753931522369385,0.9704612493515015,기타 괴롭힘 대화
0.053332649171352386,0.9687299132347107,0.031537268310785294,0.04022623226046562,-0.0938260555267334,0.9687299132347107,기타 괴롭힘 대화
0.05657757818698883,0.10346195101737976,0.6472119092941284,0.016495661810040474,0.17625290155410767,0.6472119092941284,일반 대화
0.0599452368915081,0.07750224322080612,0.05044268071651459,0.011521185748279095,0.8005886673927307,0.8005886673927307,기타 괴롭힘 대화
0.08932587504386902,0.3023938238620758,0.006072731222957373,0.01391033735126257,0.5882972478866577,0.5882972478866577,기타 괴롭힘 대화
0.02896304242312908,0.9328352808952332,0.020234914496541023,0.03350013867020607,-0.015533447265625,0.9328352808952332,기타 괴롭힘 대화
0.5752972364425659,0.16750012338161469,0.006308192387223244,0.04043104127049446,0.21046340465545654,0.5752972364425659,갈취 대화
0.25619038939476013,0.033587586134672165,0.00973135232925415,0.011736213229596615,0.6887544393539429,0.6887544393539429,갈취 대화
0.9635835886001587,0.05386422201991081,0.028510544449090958,0.02748185209929943,-0.07344019412994385,0.9635835886001587,갈취 대화
0.9517806172370911,0.03140614926815033,0.023049255833029747,0.026612333953380585,-0.032848358154296875,0.9517806172370911,갈취 대화
0.044864993542432785,0.038630008697509766,0.018586616963148117,0.9671962261199951,-0.06927788257598877,0.9671962261199951,직장 내 괴롭힘 대화
0.4667966663837433,0.2409479320049286,0.0045318640768527985,0.1480153501033783,0.13970816135406494,0.4667966663837433,갈취 대화
0.9662283658981323,0.033899448812007904,0.027889300137758255,0.039160776883363724,-0.06717777252197266,0.9662283658981323,갈취 대화
0.051973409950733185,0.03452526405453682,0.010714754462242126,0.9123656153678894,-0.009579062461853027,0.9123656153678894,직장 내 괴롭힘 대화
0.16085703670978546,0.04423800855875015,0.010812949389219284,0.010972061194479465,0.7731199264526367,0.7731199264526367,갈취 대화
