갈취 대화,기타 괴롭힘 대화,직장 내 괴롭힘 대화,협박 대화,max_val,label
0.9123270511627197,0.09043154865503311,0.01930762641131878,0.035047102719545364,0.9123270511627197,갈취 대화
0.03088204190135002,0.022269276902079582,0.9573115706443787,0.049210820347070694,0.9573115706443787,직장 내 괴롭힘 대화
0.021363653242588043,0.04891819506883621,0.9169133305549622,0.04846479371190071,0.9169133305549622,직장 내 괴롭힘 대화
0.03772902861237526,0.9185108542442322,0.02983471378684044,0.04582851752638817,0.9185108542442322,기타 괴롭힘 대화
0.030001886188983917,0.753776490688324,0.038450904190540314,0.07419562339782715,0.753776490688324,기타 괴롭힘 대화
0.08078543841838837,0.04570215940475464,0.01615295559167862,0.8910889625549316,0.8910889625549316,협박 대화
0.055399492383003235,0.028558965772390366,0.031874701380729675,0.9531197547912598,0.9531197547912598,협박 대화
0.21145474910736084,0.8406645059585571,0.013705338351428509,0.030345117673277855,0.8406645059585571,기타 괴롭힘 대화
0.032364536076784134,0.9225674867630005,0.04678909853100777,0.04367480427026749,0.9225674867630005,기타 괴롭힘 대화
0.9261431097984314,0.06701246649026871,0.025944702327251434,0.031739894300699234,0.9261431097984314,갈취 대화
0.0413006953895092,0.0388062484562397,0.024278730154037476,0.9422885775566101,0.9422885775566101,협박 대화
0.026142168790102005,0.9367903470993042,0.05543170124292374,0.039000798016786575,0.9367903470993042,기타 괴롭힘 대화
0.028222935274243355,0.025385966524481773,0.957180917263031,0.045342668890953064,0.957180917263031,직장 내 괴롭힘 대화
0.03390142694115639,0.031432729214429855,0.9592770338058472,0.03669346123933792,0.9592770338058472,직장 내 괴롭힘 대화
0.031365737318992615,0.027157746255397797,0.9661891460418701,0.03502678871154785,0.9661891460418701,직장 내 괴롭힘 대화
0.1302490085363388,0.03593334183096886,0.015700841322541237,0.848874568939209,0.848874568939209,협박 대화
0.024950165301561356,0.6616535782814026,0.022096877917647362,0.20290929079055786,0.6616535782814026,기타 괴롭힘 대화
0.01669980213046074,0.8693327307701111,0.1461174041032791,0.033521298319101334,0.8693327307701111,기타 괴롭힘 대화
0.07834941148757935,0.0280569177120924,0.02131262980401516,0.93134605884552,0.93134605884552,협박 대화
0.03202531486749649,0.92628014087677,0.04471227526664734,0.03597768023610115,0.92628014087677,기타 괴롭힘 대화
0.049315545707941055,0.03282182291150093,0.02990517020225525,0.9540541768074036,0.9540541768074036,협박 대화
0.02400098741054535,0.9518424868583679,0.03271617367863655,0.055126577615737915,0.9518424868583679,기타 괴롭힘 대화
0.02076190710067749,0.9345387816429138,0.020735450088977814,0.09562341868877411,0.9345387816429138,기타 괴롭힘 대화
0.9279512763023376,0.04617127776145935,0.024169309064745903,0.04936439171433449,0.9279512763023376,갈취 대화
0.9314876794815063,0.05602073669433594,0.026830574497580528,0.0375540591776371,0.9314876794815063,갈취 대화
0.0301114059984684,0.026264775544404984,0.9643102288246155,0.0400177538394928,0.9643102288246155,직장 내 괴롭힘 대화
0.03662534058094025,0.9038153886795044,0.018352139741182327,0.0599604994058609,0.9038153886795044,기타 괴롭힘 대화
0.03617957979440689,0.9191109538078308,0.036592017859220505,0.04006722569465637,0.9191109538078308,기타 괴롭힘 대화
0.03020906262099743,0.0247731264680624,0.9622582793235779,0.04483626410365105,0.9622582793235779,직장 내 괴롭힘 대화
0.17738422751426697,0.6135864853858948,0.010987553745508194,0.05063997954130173,0.6135864853858948,기타 괴롭힘 대화
0.9353095293045044,0.04838056117296219,0.026695774868130684,0.04694854095578194,0.9353095293045044,갈취 대화
0.06355925649404526,0.033191978931427,0.02061021886765957,0.9323920011520386,0.9323920011520386,협박 대화
0.02343439869582653,0.931674599647522,0.06105224788188934,0.04206288978457451,0.931674599647522,기타 괴롭힘 대화
0.4447980225086212,0.2724592685699463,0.02127256989479065,0.04758375510573387,0.4447980225086212,갈취 대화
0.01918213441967964,0.7215232253074646,0.01036691851913929,0.3657916486263275,0.7215232253074646,기타 괴롭힘 대화
0.5661904215812683,0.5675902366638184,0.013588303700089455,0.023329084739089012,0.5675902366638184,기타 괴롭힘 대화
0.059502437710762024,0.9395232796669006,0.02353893779218197,0.04448368400335312,0.9395232796669006,기타 괴롭힘 대화
0.4980616271495819,0.0235454011708498,0.013372262008488178,0.5621156692504883,0.5621156692504883,협박 대화
0.02669750154018402,0.054484494030475616,0.03391866013407707,0.9306838512420654,0.9306838512420654,협박 대화
0.871679961681366,0.07889340817928314,0.012487458996474743,0.05869447812438011,0.871679961681366,갈취 대화
0.039730727672576904,0.04424856975674629,0.026677964255213737,0.9354569315910339,0.9354569315910339,협박 대화
0.6266496777534485,0.4766595661640167,0.012706564739346504,0.02570059336721897,0.6266496777534485,갈취 대화
0.8368203043937683,0.0593208447098732,0.07437828928232193,0.024415241554379463,0.8368203043937683,갈취 대화
0.7735595107078552,0.03138836473226547,0.012724978849291801,0.23177440464496613,0.7735595107078552,갈취 대화
0.028866875916719437,0.9424991607666016,0.03468182682991028,0.04356700927019119,0.9424991607666016,기타 괴롭힘 대화
0.031694427132606506,0.023980170488357544,0.9646695256233215,0.03820076212286949,0.9646695256233215,직장 내 괴롭힘 대화
0.037170492112636566,0.04487260431051254,0.028490595519542694,0.9511170387268066,0.9511170387268066,협박 대화
0.02004699967801571,0.8219588398933411,0.010600227862596512,0.23930257558822632,0.8219588398933411,기타 괴롭힘 대화
0.03431788086891174,0.9390650391578674,0.028070783242583275,0.04803952947258949,0.9390650391578674,기타 괴롭힘 대화
0.03962874785065651,0.041417431086301804,0.028597373515367508,0.9516003131866455,0.9516003131866455,협박 대화
0.9163380861282349,0.08078357577323914,0.02627921849489212,0.027427194640040398,0.9163380861282349,갈취 대화
0.026639031246304512,0.9549233317375183,0.03855762630701065,0.04990828037261963,0.9549233317375183,기타 괴롭힘 대화
0.928467869758606,0.06230195239186287,0.0277340579777956,0.037064164876937866,0.928467869758606,갈취 대화
0.03145964816212654,0.02493683435022831,0.9634719491004944,0.042140278965234756,0.9634719491004944,직장 내 괴롭힘 대화
0.0329681858420372,0.024788061156868935,0.9682509899139404,0.03734729811549187,0.9682509899139404,직장 내 괴롭힘 대화
0.048173557966947556,0.9420141577720642,0.021859722211956978,0.049533430486917496,0.9420141577720642,기타 괴롭힘 대화
0.0406525619328022,0.9339423179626465,0.020050935447216034,0.06930484622716904,0.9339423179626465,기타 괴롭힘 대화
0.02002529986202717,0.9159699082374573,0.03459007665514946,0.07524114102125168,0.9159699082374573,기타 괴롭힘 대화
0.02381220832467079,0.9543873071670532,0.034699101001024246,0.05365847423672676,0.9543873071670532,기타 괴롭힘 대화
0.02400951087474823,0.9466890692710876,0.04429665207862854,0.051159121096134186,0.9466890692710876,기타 괴롭힘 대화
0.8921911716461182,0.13234268128871918,0.018276888877153397,0.029509110376238823,0.8921911716461182,갈취 대화
0.015069111250340939,0.46039941906929016,0.015555458143353462,0.507052481174469,0.507052481174469,협박 대화
0.04451613128185272,0.044691670686006546,0.02922699972987175,0.8445869088172913,0.8445869088172913,협박 대화
0.027995172888040543,0.9539172649383545,0.038903966546058655,0.04851629585027695,0.9539172649383545,기타 괴롭힘 대화
0.02977798506617546,0.027618659660220146,0.9659972190856934,0.036846622824668884,0.9659972190856934,직장 내 괴롭힘 대화
0.036493297666311264,0.03965497761964798,0.029705649241805077,0.953660249710083,0.953660249710083,협박 대화
0.02178228460252285,0.9005958437919617,0.01620619371533394,0.11729064583778381,0.9005958437919617,기타 괴롭힘 대화
0.02772471122443676,0.9237222671508789,0.02879839949309826,0.06421293318271637,0.9237222671508789,기타 괴롭힘 대화
0.09715047478675842,0.608467698097229,0.018854472786188126,0.10294289141893387,0.608467698097229,기타 괴롭힘 대화
0.4916549623012543,0.023805441334843636,0.012321561574935913,0.5688270330429077,0.5688270330429077,협박 대화
0.018853485584259033,0.8126617074012756,0.01959594339132309,0.19785144925117493,0.8126617074012756,기타 괴롭힘 대화
0.03194575756788254,0.026285503059625626,0.9671461582183838,0.03507835417985916,0.9671461582183838,직장 내 괴롭힘 대화
0.031313445419073105,0.9595916271209717,0.040957704186439514,0.053011734038591385,0.9595916271209717,기타 괴롭힘 대화
0.029087942093610764,0.03014783002436161,0.9656423926353455,0.034614041447639465,0.9656423926353455,직장 내 괴롭힘 대화
0.04081350192427635,0.03664673492312431,0.025379685685038567,0.9471834301948547,0.9471834301948547,협박 대화
0.021947767585515976,0.0545225590467453,0.9448229670524597,0.034373071044683456,0.9448229670524597,직장 내 괴롭힘 대화
0.02351042628288269,0.0352693535387516,0.9547789692878723,0.04873748496174812,0.9547789692878723,직장 내 괴롭힘 대화
0.030590666458010674,0.20649747550487518,0.15032881498336792,0.06512628495693207,0.20649747550487518,기타 괴롭힘 대화
0.02313060127198696,0.07609649747610092,0.9428554773330688,0.024499965831637383,0.9428554773330688,직장 내 괴롭힘 대화
0.016800306737422943,0.8550595641136169,0.05268897861242294,0.07532721757888794,0.8550595641136169,기타 괴롭힘 대화
0.31978482007980347,0.6606545448303223,0.015199966728687286,0.020522315055131912,0.6606545448303223,기타 괴롭힘 대화
0.0427505224943161,0.034292612224817276,0.026878597214818,0.9496151804924011,0.9496151804924011,협박 대화
0.19199807941913605,0.241525337100029,0.04639474302530289,0.10300195962190628,0.241525337100029,기타 괴롭힘 대화
0.075250044465065,0.030041556805372238,0.021714940667152405,0.9334847927093506,0.9334847927093506,협박 대화
0.028325457125902176,0.9482805132865906,0.03160586953163147,0.0548103004693985,0.9482805132865906,기타 괴롭힘 대화
0.031697601079940796,0.017000125721096992,0.709682047367096,0.18334519863128662,0.709682047367096,직장 내 괴롭힘 대화
0.4408087432384491,0.02320723421871662,0.012987490743398666,0.5941492915153503,0.5941492915153503,협박 대화
0.030532486736774445,0.9050732254981995,0.030786171555519104,0.05374791473150253,0.9050732254981995,기타 괴롭힘 대화
0.8526806235313416,0.1311998814344406,0.032388463616371155,0.018916258588433266,0.8526806235313416,갈취 대화
0.027924826368689537,0.034779202193021774,0.9595931768417358,0.03220437094569206,0.9595931768417358,직장 내 괴롭힘 대화
0.04129195585846901,0.04135201498866081,0.035627253353595734,0.938524603843689,0.938524603843689,협박 대화
0.032139699906110764,0.025510888546705246,0.9665712714195251,0.03737835958600044,0.9665712714195251,직장 내 괴롭힘 대화
0.043807730078697205,0.03359184041619301,0.030637569725513458,0.9569525718688965,0.9569525718688965,협박 대화
0.030223732814192772,0.9422490000724792,0.03385055437684059,0.04994160681962967,0.9422490000724792,기타 괴롭힘 대화
0.019607506692409515,0.9432862401008606,0.029450751841068268,0.07878292351961136,0.9432862401008606,기타 괴롭힘 대화
0.033279139548540115,0.02403615228831768,0.9645406603813171,0.03850638121366501,0.9645406603813171,직장 내 괴롭힘 대화
0.15828730165958405,0.803184449672699,0.017450658604502678,0.05280454084277153,0.803184449672699,기타 괴롭힘 대화
0.03288963437080383,0.020705696195364,0.9288327693939209,0.06685423105955124,0.9288327693939209,직장 내 괴롭힘 대화
0.47595974802970886,0.021533222869038582,0.01372592058032751,0.5866310596466064,0.5866310596466064,협박 대화
0.035482462495565414,0.023038359358906746,0.15336063504219055,0.7116288542747498,0.7116288542747498,협박 대화
0.7307472825050354,0.30237212777137756,0.010047102347016335,0.04997153952717781,0.7307472825050354,갈취 대화
0.9106230139732361,0.07002917677164078,0.020395558327436447,0.039438728243112564,0.9106230139732361,갈취 대화
0.013013849034905434,0.8094589114189148,0.17326709628105164,0.040776465088129044,0.8094589114189148,기타 괴롭힘 대화
0.06172741949558258,0.025853468105196953,0.025684794411063194,0.9389172792434692,0.9389172792434692,협박 대화
0.012675466015934944,0.08234930783510208,0.18228517472743988,0.49016642570495605,0.49016642570495605,협박 대화
0.032332830131053925,0.02574261464178562,0.9675155878067017,0.037642624229192734,0.9675155878067017,직장 내 괴롭힘 대화
0.028849832713603973,0.026326924562454224,0.9603057503700256,0.04211953654885292,0.9603057503700256,직장 내 괴롭힘 대화
0.025948291644454002,0.947311282157898,0.027267294004559517,0.06308240443468094,0.947311282157898,기타 괴롭힘 대화
0.029856624081730843,0.9367424249649048,0.03975457698106766,0.047360580414533615,0.9367424249649048,기타 괴롭힘 대화
0.08030339330434799,0.025057995691895485,0.022452667355537415,0.9344912171363831,0.9344912171363831,협박 대화
0.0432315394282341,0.5211284160614014,0.018061457201838493,0.188410222530365,0.5211284160614014,기타 괴롭힘 대화
0.038553934544324875,0.04252329841256142,0.028781576082110405,0.9527018070220947,0.9527018070220947,협박 대화
0.6590156555175781,0.02478167414665222,0.022214632481336594,0.3665463328361511,0.6590156555175781,갈취 대화
0.024312634021043777,0.04105629771947861,0.9603666663169861,0.03603919595479965,0.9603666663169861,직장 내 괴롭힘 대화
0.4959183633327484,0.6514244675636292,0.01391366682946682,0.023249957710504532,0.6514244675636292,기타 괴롭힘 대화
0.9282864332199097,0.04780493304133415,0.02591845579445362,0.04704464226961136,0.9282864332199097,갈취 대화
0.25657790899276733,0.6038010716438293,0.036918338388204575,0.021053368225693703,0.6038010716438293,기타 괴롭힘 대화
0.02944348193705082,0.030088867992162704,0.9577099084854126,0.041557103395462036,0.9577099084854126,직장 내 괴롭힘 대화
0.028812674805521965,0.030101755633950233,0.9577615261077881,0.03558303788304329,0.9577615261077881,직장 내 괴롭힘 대화
0.9194342494010925,0.05444195494055748,0.024397699162364006,0.046224046498537064,0.9194342494010925,갈취 대화
0.040934402495622635,0.02093280851840973,0.8497105836868286,0.05725373327732086,0.8497105836868286,직장 내 괴롭힘 대화
0.01823657937347889,0.5257213711738586,0.37417492270469666,0.016872884705662727,0.5257213711738586,기타 괴롭힘 대화
0.35383760929107666,0.47293537855148315,0.007563759572803974,0.07149475067853928,0.47293537855148315,기타 괴롭힘 대화
0.9125198721885681,0.08273601531982422,0.01912831701338291,0.03932568430900574,0.9125198721885681,갈취 대화
0.9249114394187927,0.04123743623495102,0.02290704846382141,0.06595683097839355,0.9249114394187927,갈취 대화
0.8809770345687866,0.15288376808166504,0.017184583470225334,0.029889291152358055,0.8809770345687866,갈취 대화
0.12002930045127869,0.020027343183755875,0.787312924861908,0.02614731900393963,0.787312924861908,직장 내 괴롭힘 대화
0.09358488768339157,0.04999753460288048,0.03321677818894386,0.6411685943603516,0.6411685943603516,협박 대화
0.9267404675483704,0.06010360270738602,0.023906121030449867,0.03763149306178093,0.9267404675483704,갈취 대화
0.02904067561030388,0.9497941136360168,0.026406608521938324,0.05347568914294243,0.9497941136360168,기타 괴롭힘 대화
0.02117445319890976,0.9360861778259277,0.02418454736471176,0.07587435841560364,0.9360861778259277,기타 괴롭힘 대화
0.024482011795043945,0.9505489468574524,0.04648085683584213,0.04732763022184372,0.9505489468574524,기타 괴롭힘 대화
0.013850608840584755,0.6079890131950378,0.41132068634033203,0.020487109199166298,0.6079890131950378,기타 괴롭힘 대화
0.026137782260775566,0.9550026059150696,0.04007967934012413,0.04951934516429901,0.9550026059150696,기타 괴롭힘 대화
0.608795166015625,0.04521285369992256,0.008636478334665298,0.36112746596336365,0.608795166015625,갈취 대화
0.04133090749382973,0.035604093223810196,0.027809232473373413,0.9541133046150208,0.9541133046150208,협박 대화
0.015042833983898163,0.7342026233673096,0.01588824950158596,0.32092905044555664,0.7342026233673096,기타 괴롭힘 대화
0.04571056365966797,0.03683912754058838,0.025326838716864586,0.9524518251419067,0.9524518251419067,협박 대화
0.02810559794306755,0.9479926824569702,0.03993816301226616,0.04318329691886902,0.9479926824569702,기타 괴롭힘 대화
0.018007563427090645,0.8750395774841309,0.07311264425516129,0.04853171855211258,0.8750395774841309,기타 괴롭힘 대화
0.028032779693603516,0.08575397729873657,0.01588343270123005,0.9088926315307617,0.9088926315307617,협박 대화
0.027473336085677147,0.9491678476333618,0.04212545230984688,0.044890593737363815,0.9491678476333618,기타 괴롭힘 대화
0.9363115429878235,0.047761186957359314,0.030188672244548798,0.040957387536764145,0.9363115429878235,갈취 대화
0.02596382610499859,0.9582356810569763,0.038890428841114044,0.050554949790239334,0.9582356810569763,기타 괴롭힘 대화
0.02679520845413208,0.020618567243218422,0.7786266803741455,0.25121602416038513,0.7786266803741455,직장 내 괴롭힘 대화
0.04632045701146126,0.032846543937921524,0.034585658460855484,0.9570068120956421,0.9570068120956421,협박 대화
0.048449836671352386,0.031174425035715103,0.031689614057540894,0.9576919078826904,0.9576919078826904,협박 대화
0.05016826465725899,0.04090997204184532,0.020704004913568497,0.9399609565734863,0.9399609565734863,협박 대화
0.014803631231188774,0.5556994676589966,0.011729810386896133,0.5073695778846741,0.5556994676589966,기타 괴롭힘 대화
0.9229397773742676,0.084654800593853,0.022488079965114594,0.03131529688835144,0.9229397773742676,갈취 대화
0.05011586844921112,0.02912187948822975,0.03423339128494263,0.9480680823326111,0.9480680823326111,협박 대화
0.02310311421751976,0.9407057166099548,0.019687430933117867,0.09841529279947281,0.9407057166099548,기타 괴롭힘 대화
0.239190012216568,0.18152713775634766,0.017762111499905586,0.18030408024787903,0.239190012216568,갈취 대화
0.8916161060333252,0.13828444480895996,0.017832746729254723,0.03947688639163971,0.8916161060333252,갈취 대화
0.0278993658721447,0.8078771829605103,0.1313735991716385,0.023838605731725693,0.8078771829605103,기타 괴롭힘 대화
0.03313915804028511,0.9083059430122375,0.04713796079158783,0.060417525470256805,0.9083059430122375,기타 괴롭힘 대화
0.049680840224027634,0.03176609426736832,0.025939658284187317,0.9492535591125488,0.9492535591125488,협박 대화
0.03245699778199196,0.023363463580608368,0.9651277661323547,0.042424242943525314,0.9651277661323547,직장 내 괴롭힘 대화
0.023800062015652657,0.9524090886116028,0.03866488113999367,0.05169548839330673,0.9524090886116028,기타 괴롭힘 대화
0.024016791954636574,0.9520074725151062,0.031578224152326584,0.05922655016183853,0.9520074725151062,기타 괴롭힘 대화
0.04339798167347908,0.03224252536892891,0.034505169838666916,0.9556112885475159,0.9556112885475159,협박 대화
0.026801450178027153,0.9567306637763977,0.038843706250190735,0.04715556651353836,0.9567306637763977,기타 괴롭힘 대화
0.0420030876994133,0.02808281034231186,0.6011252999305725,0.14138934016227722,0.6011252999305725,직장 내 괴롭힘 대화
0.04378262162208557,0.03343850001692772,0.030785679817199707,0.9553698897361755,0.9553698897361755,협박 대화
0.014022416435182095,0.8789612054824829,0.04234454035758972,0.08962863683700562,0.8789612054824829,기타 괴롭힘 대화
0.024243652820587158,0.9520872235298157,0.04400382190942764,0.045615535229444504,0.9520872235298157,기타 괴롭힘 대화
0.03187491372227669,0.02675486169755459,0.9649498462677002,0.0362260639667511,0.9649498462677002,직장 내 괴롭힘 대화
0.025928504765033722,0.8368501663208008,0.073356993496418,0.03027615137398243,0.8368501663208008,기타 괴롭힘 대화
0.020241301506757736,0.9480304718017578,0.03668958321213722,0.0660080835223198,0.9480304718017578,기타 괴롭힘 대화
0.14299127459526062,0.887191891670227,0.01880212128162384,0.0314885675907135,0.887191891670227,기타 괴롭힘 대화
0.04893072322010994,0.03620724380016327,0.02544163353741169,0.9408025741577148,0.9408025741577148,협박 대화
0.02963053062558174,0.025731178000569344,0.9632006883621216,0.03804686293005943,0.9632006883621216,직장 내 괴롭힘 대화
0.033621080219745636,0.02324974164366722,0.9617071747779846,0.04216014966368675,0.9617071747779846,직장 내 괴롭힘 대화
0.03235260024666786,0.9452491402626038,0.040653444826602936,0.04230659082531929,0.9452491402626038,기타 괴롭힘 대화
0.021648278459906578,0.878931999206543,0.06570842117071152,0.04683156684041023,0.878931999206543,기타 괴롭힘 대화
0.02547844685614109,0.9500980973243713,0.044228196144104004,0.04555852338671684,0.9500980973243713,기타 괴롭힘 대화
0.07254832983016968,0.045750390738248825,0.017519880086183548,0.8910538554191589,0.8910538554191589,협박 대화
0.03491414710879326,0.024836305528879166,0.968962550163269,0.040065471082925797,0.968962550163269,직장 내 괴롭힘 대화
0.0769607201218605,0.8900585770606995,0.009625385515391827,0.07948826998472214,0.8900585770606995,기타 괴롭힘 대화
0.02755766734480858,0.9250970482826233,0.01950620301067829,0.0815073698759079,0.9250970482826233,기타 괴롭힘 대화
0.02563655376434326,0.016948001459240913,0.8028862476348877,0.19397927820682526,0.8028862476348877,직장 내 괴롭힘 대화
0.014714318327605724,0.4346606433391571,0.013154816813766956,0.6675631403923035,0.6675631403923035,협박 대화
0.06453251093626022,0.05265595391392708,0.8593716025352478,0.015448242425918579,0.8593716025352478,직장 내 괴롭힘 대화
0.015391984954476357,0.16811951994895935,0.8804994225502014,0.037942081689834595,0.8804994225502014,직장 내 괴롭힘 대화
0.021694893017411232,0.14831171929836273,0.016274506226181984,0.8612985014915466,0.8612985014915466,협박 대화
0.016442539170384407,0.8649623394012451,0.15171246230602264,0.033740509301424026,0.8649623394012451,기타 괴롭힘 대화
0.016808483749628067,0.8688733577728271,0.11359740048646927,0.031012726947665215,0.8688733577728271,기타 괴롭힘 대화
0.04556702449917793,0.030316216871142387,0.028518373146653175,0.9497191309928894,0.9497191309928894,협박 대화
0.9023239612579346,0.035372067242860794,0.021168889477849007,0.09058751910924911,0.9023239612579346,갈취 대화
0.01732829585671425,0.16616474092006683,0.01686420850455761,0.8513956665992737,0.8513956665992737,협박 대화
0.038333918899297714,0.038860343396663666,0.029469864442944527,0.9531501531600952,0.9531501531600952,협박 대화
0.023665865883231163,0.9407504796981812,0.03864303603768349,0.051605530083179474,0.9407504796981812,기타 괴롭힘 대화
0.9270768761634827,0.06005126237869263,0.024154840037226677,0.03903629630804062,0.9270768761634827,갈취 대화
0.020324351266026497,0.941506564617157,0.044355109333992004,0.057855043560266495,0.941506564617157,기타 괴롭힘 대화
0.9266011118888855,0.06499902158975601,0.028067125007510185,0.030112896114587784,0.9266011118888855,갈취 대화
0.021402357146143913,0.8415607213973999,0.01644967310130596,0.16034507751464844,0.8415607213973999,기타 괴롭힘 대화
0.018652796745300293,0.38055214285850525,0.00982635747641325,0.6736656427383423,0.6736656427383423,협박 대화
0.030693409964442253,0.6544879674911499,0.2444043904542923,0.014976855367422104,0.6544879674911499,기타 괴롭힘 대화
0.021732062101364136,0.9118297696113586,0.018130147829651833,0.11998485773801804,0.9118297696113586,기타 괴롭힘 대화
0.024071071296930313,0.9447171092033386,0.039401695132255554,0.052374038845300674,0.9447171092033386,기타 괴롭힘 대화
0.03230554237961769,0.022004202008247375,0.9583565592765808,0.053173597902059555,0.9583565592765808,직장 내 괴롭힘 대화
0.03064570762217045,0.07803060859441757,0.017965158447623253,0.9259667992591858,0.9259667992591858,협박 대화
0.021948736160993576,0.8721855878829956,0.03524716570973396,0.0669121965765953,0.8721855878829956,기타 괴롭힘 대화
0.02630767412483692,0.9176645874977112,0.0541609525680542,0.038781143724918365,0.9176645874977112,기타 괴롭힘 대화
0.048431187868118286,0.03241395950317383,0.028822923079133034,0.955264687538147,0.955264687538147,협박 대화
0.028130756691098213,0.9563055634498596,0.042516376823186874,0.04648960009217262,0.9563055634498596,기타 괴롭힘 대화
0.03195241838693619,0.026104556396603584,0.9668909907341003,0.03831953927874565,0.9668909907341003,직장 내 괴롭힘 대화
0.03320474177598953,0.04092906042933464,0.06232659891247749,0.8361870050430298,0.8361870050430298,협박 대화
0.025349507108330727,0.039424873888492584,0.954753577709198,0.04032308608293533,0.954753577709198,직장 내 괴롭힘 대화
0.03290387615561485,0.021912891417741776,0.956976592540741,0.04703478887677193,0.956976592540741,직장 내 괴롭힘 대화
0.031530603766441345,0.11777523159980774,0.021670371294021606,0.8504895567893982,0.8504895567893982,협박 대화
0.1299581378698349,0.8738123178482056,0.016997789964079857,0.02722472883760929,0.8738123178482056,기타 괴롭힘 대화
0.04264649748802185,0.8070744872093201,0.013195131905376911,0.12922273576259613,0.8070744872093201,기타 괴롭힘 대화
0.03638903796672821,0.01831642910838127,0.9511737823486328,0.05353439226746559,0.9511737823486328,직장 내 괴롭힘 대화
0.8218392133712769,0.03665796294808388,0.011951679363846779,0.1731461137533188,0.8218392133712769,갈취 대화
0.03371677175164223,0.9488699436187744,0.04213545843958855,0.04046633467078209,0.9488699436187744,기타 괴롭힘 대화
0.035268962383270264,0.9357727766036987,0.03469898924231529,0.03733261302113533,0.9357727766036987,기타 괴롭힘 대화
0.013228247873485088,0.7482185363769531,0.050191354006528854,0.13104228675365448,0.7482185363769531,기타 괴롭힘 대화
0.04701445996761322,0.045865438878536224,0.019481703639030457,0.9260826110839844,0.9260826110839844,협박 대화
0.04864022880792618,0.030497942119836807,0.02914799004793167,0.9532175660133362,0.9532175660133362,협박 대화
0.9030730128288269,0.09451042860746384,0.018263153731822968,0.03237278386950493,0.9030730128288269,갈취 대화
0.037029020488262177,0.04549287632107735,0.9315729141235352,0.06411167979240417,0.9315729141235352,직장 내 괴롭힘 대화
0.026737447828054428,0.1304495632648468,0.013714184053242207,0.8587852120399475,0.8587852120399475,협박 대화
0.028506219387054443,0.16906197369098663,0.02421589009463787,0.6324200630187988,0.6324200630187988,협박 대화
0.4814188480377197,0.023069536313414574,0.015199908055365086,0.6103153824806213,0.6103153824806213,협박 대화
0.48434367775917053,0.5320217609405518,0.019171465188264847,0.01892801746726036,0.5320217609405518,기타 괴롭힘 대화
0.764333963394165,0.07370903342962265,0.0885428711771965,0.016986431553959846,0.764333963394165,갈취 대화
0.05162293463945389,0.030766218900680542,0.030734525993466377,0.9541013836860657,0.9541013836860657,협박 대화
0.8302115797996521,0.10921066254377365,0.011325654573738575,0.08563578873872757,0.8302115797996521,갈취 대화
0.047898028045892715,0.03646839037537575,0.023496750742197037,0.9417535662651062,0.9417535662651062,협박 대화
0.031962573528289795,0.022558830678462982,0.9636322855949402,0.04454205185174942,0.9636322855949402,직장 내 괴롭힘 대화
0.05011575669050217,0.036638300865888596,0.02140340581536293,0.9452452063560486,0.9452452063560486,협박 대화
0.026956219226121902,0.9458446502685547,0.032688673585653305,0.05168580263853073,0.9458446502685547,기타 괴롭힘 대화
0.03149070963263512,0.895421028137207,0.014280389994382858,0.09184209257364273,0.895421028137207,기타 괴롭힘 대화
0.13286340236663818,0.10942474752664566,0.006866395007818937,0.6359967589378357,0.6359967589378357,협박 대화
0.030020352452993393,0.9574502110481262,0.03539436683058739,0.04660573974251747,0.9574502110481262,기타 괴롭힘 대화
0.020709645003080368,0.9489961862564087,0.03935128077864647,0.05881419777870178,0.9489961862564087,기타 괴롭힘 대화
0.9237397313117981,0.06334472447633743,0.021731549873948097,0.04182184487581253,0.9237397313117981,갈취 대화
0.04983384534716606,0.12163935601711273,0.00964808464050293,0.8230047225952148,0.8230047225952148,협박 대화
0.01751243695616722,0.9319248795509338,0.032606374472379684,0.08008546382188797,0.9319248795509338,기타 괴롭힘 대화
0.026532858610153198,0.9581676125526428,0.038232240825891495,0.055588316172361374,0.9581676125526428,기타 괴롭힘 대화
0.023880114778876305,0.9435476064682007,0.030623706057667732,0.06544309854507446,0.9435476064682007,기타 괴롭힘 대화
0.02107992209494114,0.9169955253601074,0.04230981692671776,0.06431908905506134,0.9169955253601074,기타 괴롭힘 대화
0.02992881089448929,0.023116568103432655,0.9615378379821777,0.04568447545170784,0.9615378379821777,직장 내 괴롭힘 대화
0.028189685195684433,0.9291952252388,0.0711544007062912,0.049298956990242004,0.9291952252388,기타 괴롭힘 대화
0.9373212456703186,0.054911646991968155,0.03329318016767502,0.033282745629549026,0.9373212456703186,갈취 대화
0.03539666160941124,0.020294301211833954,0.9601706862449646,0.04249303415417671,0.9601706862449646,직장 내 괴롭힘 대화
0.09036477655172348,0.9045283794403076,0.017219804227352142,0.042720578610897064,0.9045283794403076,기타 괴롭힘 대화
0.03322858735918999,0.02230958454310894,0.9610783457756042,0.04111254960298538,0.9610783457756042,직장 내 괴롭힘 대화
0.7255650162696838,0.048547472804784775,0.012378036044538021,0.22198812663555145,0.7255650162696838,갈취 대화
0.2724212408065796,0.019041264429688454,0.01825304701924324,0.796875,0.796875,협박 대화
0.013473819941282272,0.37444570660591125,0.6779726147651672,0.025683244690299034,0.6779726147651672,직장 내 괴롭힘 대화
0.041791997849941254,0.033611468970775604,0.028487415984272957,0.9505219459533691,0.9505219459533691,협박 대화
0.02849717251956463,0.030724095180630684,0.960120439529419,0.03717045858502388,0.960120439529419,직장 내 괴롭힘 대화
0.031956348568201065,0.020899470895528793,0.9562181234359741,0.049370959401130676,0.9562181234359741,직장 내 괴롭힘 대화
0.4766189455986023,0.5548174381256104,0.01360863633453846,0.019626202061772346,0.5548174381256104,기타 괴롭힘 대화
0.019910523667931557,0.6790376305580139,0.029144007712602615,0.21717076003551483,0.6790376305580139,기타 괴롭힘 대화
0.037652913480997086,0.024344580247998238,0.958732545375824,0.036550041288137436,0.958732545375824,직장 내 괴롭힘 대화
0.7823238968849182,0.26640745997428894,0.018403898924589157,0.022541362792253494,0.7823238968849182,갈취 대화
0.03138665482401848,0.025481613352894783,0.9647026062011719,0.03680506721138954,0.9647026062011719,직장 내 괴롭힘 대화
0.08834784477949142,0.4777655303478241,0.10900639742612839,0.015743626281619072,0.4777655303478241,기타 괴롭힘 대화
0.025048090144991875,0.919196367263794,0.08838559687137604,0.03043125942349434,0.919196367263794,기타 괴롭힘 대화
0.07309500873088837,0.04557342827320099,0.01966891996562481,0.87742680311203,0.87742680311203,협박 대화
0.03611646220088005,0.9478193521499634,0.03093990869820118,0.04634412005543709,0.9478193521499634,기타 괴롭힘 대화
0.032096054404973984,0.022704776376485825,0.9602087140083313,0.04666668921709061,0.9602087140083313,직장 내 괴롭힘 대화
0.035629045218229294,0.9466861486434937,0.031957123428583145,0.04420936852693558,0.9466861486434937,기타 괴롭힘 대화
0.02579345367848873,0.9558089971542358,0.031221359968185425,0.0582360215485096,0.9558089971542358,기타 괴롭힘 대화
0.026675445958971977,0.2474602311849594,0.05204255133867264,0.4892112910747528,0.4892112910747528,협박 대화
0.026420632377266884,0.9210384488105774,0.05102149397134781,0.0440400131046772,0.9210384488105774,기타 괴롭힘 대화
0.06725005805492401,0.9304918050765991,0.01770770363509655,0.04663129895925522,0.9304918050765991,기타 괴롭힘 대화
0.2602992653846741,0.025087233632802963,0.014882688410580158,0.793506383895874,0.793506383895874,협박 대화
0.022070949897170067,0.9365079402923584,0.02830038219690323,0.06836950778961182,0.9365079402923584,기타 괴롭힘 대화
0.04285968840122223,0.040215685963630676,0.029533276334404945,0.9538300633430481,0.9538300633430481,협박 대화
0.028408348560333252,0.043810367584228516,0.9462589025497437,0.03135254979133606,0.9462589025497437,직장 내 괴롭힘 대화
0.7534618377685547,0.2793794870376587,0.014660285785794258,0.029798544943332672,0.7534618377685547,갈취 대화
0.03152542933821678,0.027083924040198326,0.9653781652450562,0.04012275114655495,0.9653781652450562,직장 내 괴롭힘 대화
0.03300744667649269,0.01875738799571991,0.9485340118408203,0.05982542410492897,0.9485340118408203,직장 내 괴롭힘 대화
0.019682586193084717,0.9382513761520386,0.060496728867292404,0.057882193475961685,0.9382513761520386,기타 괴롭힘 대화
0.030453035607933998,0.026636257767677307,0.9636273980140686,0.042119141668081284,0.9636273980140686,직장 내 괴롭힘 대화
0.03206475451588631,0.023527147248387337,0.9627547264099121,0.03963411971926689,0.9627547264099121,직장 내 괴롭힘 대화
0.9175427556037903,0.07596415281295776,0.028445454314351082,0.027698861435055733,0.9175427556037903,갈취 대화
0.03713243827223778,0.03897080197930336,0.02672814391553402,0.9491487741470337,0.9491487741470337,협박 대화
0.014537928625941277,0.641000509262085,0.010970979928970337,0.5212985873222351,0.641000509262085,기타 괴롭힘 대화
0.030963420867919922,0.024329200387001038,0.964735746383667,0.042977288365364075,0.964735746383667,직장 내 괴롭힘 대화
0.022930091246962547,0.04616761952638626,0.9374116063117981,0.034556202590465546,0.9374116063117981,직장 내 괴롭힘 대화
0.03160972148180008,0.023240040987730026,0.9608227610588074,0.04711230844259262,0.9608227610588074,직장 내 괴롭힘 대화
0.826849102973938,0.056343112140893936,0.011996935121715069,0.11864715069532394,0.826849102973938,갈취 대화
0.03139428794384003,0.023691361770033836,0.9649553894996643,0.04462127387523651,0.9649553894996643,직장 내 괴롭힘 대화
0.7789714336395264,0.027645118534564972,0.014277362264692783,0.23912112414836884,0.7789714336395264,갈취 대화
0.022626319900155067,0.9426502585411072,0.05764022096991539,0.04369879141449928,0.9426502585411072,기타 괴롭힘 대화
0.6802098155021667,0.339495450258255,0.016262158751487732,0.027759520336985588,0.6802098155021667,갈취 대화
0.9213813543319702,0.05933726578950882,0.023474935442209244,0.043604474514722824,0.9213813543319702,갈취 대화
0.026663629338145256,0.9376594424247742,0.027994554489850998,0.06320184469223022,0.9376594424247742,기타 괴롭힘 대화
0.026198800653219223,0.9562737941741943,0.049362197518348694,0.0444679893553257,0.9562737941741943,기타 괴롭힘 대화
0.03389246389269829,0.023869000375270844,0.9641238451004028,0.03817027062177658,0.9641238451004028,직장 내 괴롭힘 대화
0.021304894238710403,0.9341001510620117,0.020766502246260643,0.10653923451900482,0.9341001510620117,기타 괴롭힘 대화
0.025487912818789482,0.9467447400093079,0.036538224667310715,0.04929732531309128,0.9467447400093079,기타 괴롭힘 대화
0.0213925838470459,0.9407863616943359,0.05996904522180557,0.046669408679008484,0.9407863616943359,기타 괴롭힘 대화
0.8507360816001892,0.15984050929546356,0.012456872500479221,0.039474647492170334,0.8507360816001892,갈취 대화
0.03486340120434761,0.05583105981349945,0.025497734546661377,0.9435942769050598,0.9435942769050598,협박 대화
0.0748482421040535,0.03167783468961716,0.24714268743991852,0.33692029118537903,0.33692029118537903,협박 대화
0.022793732583522797,0.9495088458061218,0.03247002139687538,0.06464173644781113,0.9495088458061218,기타 괴롭힘 대화
0.04407653585076332,0.03321192413568497,0.03029726631939411,0.9555524587631226,0.9555524587631226,협박 대화
0.028261173516511917,0.030236797407269478,0.9624424576759338,0.04425631836056709,0.9624424576759338,직장 내 괴롭힘 대화
0.9383761286735535,0.05012776330113411,0.03079628013074398,0.03666839003562927,0.9383761286735535,갈취 대화
0.9368264079093933,0.06013059243559837,0.03126497566699982,0.03150690719485283,0.9368264079093933,갈취 대화
0.014714318327605724,0.4346606433391571,0.013154816813766956,0.6675631403923035,0.6675631403923035,협박 대화
0.02272970601916313,0.020279107615351677,0.9207058548927307,0.0860007181763649,0.9207058548927307,직장 내 괴롭힘 대화
0.8805996179580688,0.09205375611782074,0.01423860713839531,0.055253125727176666,0.8805996179580688,갈취 대화
0.030711112543940544,0.02541174925863743,0.9650711417198181,0.03902111575007439,0.9650711417198181,직장 내 괴롭힘 대화
0.05961659550666809,0.03251686692237854,0.03265918791294098,0.9207909107208252,0.9207909107208252,협박 대화
0.93723464012146,0.05396169424057007,0.031038254499435425,0.03356040269136429,0.93723464012146,갈취 대화
0.036155931651592255,0.9308399558067322,0.02394113503396511,0.05027671158313751,0.9308399558067322,기타 괴롭힘 대화
0.02354482375085354,0.9283614158630371,0.034036215394735336,0.07802285254001617,0.9283614158630371,기타 괴롭힘 대화
0.03130962327122688,0.02445276267826557,0.9642426371574402,0.039177440106868744,0.9642426371574402,직장 내 괴롭힘 대화
0.04976429417729378,0.9178289771080017,0.01874038204550743,0.04934997484087944,0.9178289771080017,기타 괴롭힘 대화
0.5524652004241943,0.02572942152619362,0.011852087453007698,0.4783124327659607,0.5524652004241943,갈취 대화
0.02627042680978775,0.9561977386474609,0.044191960245370865,0.04600124806165695,0.9561977386474609,기타 괴롭힘 대화
0.02243761159479618,0.9480912685394287,0.026885973289608955,0.0727500468492508,0.9480912685394287,기타 괴롭힘 대화
0.366986483335495,0.02125682309269905,0.014913912862539291,0.6680938601493835,0.6680938601493835,협박 대화
0.03225432708859444,0.022907348349690437,0.9648728966712952,0.04093491658568382,0.9648728966712952,직장 내 괴롭힘 대화
0.05089792236685753,0.03238394111394882,0.028938934206962585,0.9538615942001343,0.9538615942001343,협박 대화
0.02010766603052616,0.4509737193584442,0.00953025184571743,0.5934684872627258,0.5934684872627258,협박 대화
0.2523263692855835,0.7937724590301514,0.01473251823335886,0.02480856329202652,0.7937724590301514,기타 괴롭힘 대화
0.9330968856811523,0.05748932808637619,0.026892730966210365,0.03800772875547409,0.9330968856811523,갈취 대화
0.8604778051376343,0.1697249710559845,0.018561195582151413,0.023875419050455093,0.8604778051376343,갈취 대화
0.291222482919693,0.7578881978988647,0.01732146181166172,0.025398120284080505,0.7578881978988647,기타 괴롭힘 대화
0.7269010543823242,0.18130697309970856,0.011777183040976524,0.08078909665346146,0.7269010543823242,갈취 대화
0.03163997456431389,0.025220096111297607,0.9639977216720581,0.03960389271378517,0.9639977216720581,직장 내 괴롭힘 대화
0.02245110645890236,0.9168587327003479,0.0484628863632679,0.05600081756711006,0.9168587327003479,기타 괴롭힘 대화
0.05877550318837166,0.6760440468788147,0.005768545903265476,0.20129576325416565,0.6760440468788147,기타 괴롭힘 대화
0.04839864373207092,0.030981220304965973,0.02650778740644455,0.9527581930160522,0.9527581930160522,협박 대화
0.06891731917858124,0.026272853836417198,0.02227621339261532,0.9313967227935791,0.9313967227935791,협박 대화
0.07182096689939499,0.9401254653930664,0.022834066301584244,0.035988133400678635,0.9401254653930664,기타 괴롭힘 대화
0.857142984867096,0.16588670015335083,0.018297743052244186,0.02991538867354393,0.857142984867096,갈취 대화
0.030328121036291122,0.5917220115661621,0.09043692797422409,0.04562041535973549,0.5917220115661621,기타 괴롭힘 대화
0.06916457414627075,0.9390512704849243,0.020541617646813393,0.04234885424375534,0.9390512704849243,기타 괴롭힘 대화
0.934665322303772,0.060272105038166046,0.027329472824931145,0.035088054835796356,0.934665322303772,갈취 대화
0.05226115137338638,0.8928887844085693,0.036176446825265884,0.03640468791127205,0.8928887844085693,기타 괴롭힘 대화
0.03452759236097336,0.9444592595100403,0.03574307635426521,0.050313327461481094,0.9444592595100403,기타 괴롭힘 대화
0.06464146077632904,0.027932237833738327,0.02466810680925846,0.9380024075508118,0.9380024075508118,협박 대화
0.031522780656814575,0.02500578574836254,0.9656171798706055,0.040759216994047165,0.9656171798706055,직장 내 괴롭힘 대화
0.03781823441386223,0.041820935904979706,0.026469510048627853,0.9517056941986084,0.9517056941986084,협박 대화
0.0403340682387352,0.035630956292152405,0.030661659315228462,0.9556911587715149,0.9556911587715149,협박 대화
0.927434504032135,0.06123523414134979,0.024994073435664177,0.042351581156253815,0.927434504032135,갈취 대화
0.031543850898742676,0.02290804125368595,0.9601804614067078,0.048037175089120865,0.9601804614067078,직장 내 괴롭힘 대화
0.020197365432977676,0.917386531829834,0.07025796920061111,0.04303406924009323,0.917386531829834,기타 괴롭힘 대화
0.7758277654647827,0.30338799953460693,0.014812681823968887,0.029227370396256447,0.7758277654647827,갈취 대화
0.0726664736866951,0.02511085569858551,0.023259185254573822,0.9382928013801575,0.9382928013801575,협박 대화
0.04210168495774269,0.040090449154376984,0.027561182156205177,0.9542452692985535,0.9542452692985535,협박 대화
0.05814114958047867,0.029139038175344467,0.026152314618229866,0.9461074471473694,0.9461074471473694,협박 대화
0.027151713147759438,0.05694308876991272,0.9385523200035095,0.025709474459290504,0.9385523200035095,직장 내 괴롭힘 대화
0.9167882800102234,0.07408223301172256,0.024462135508656502,0.03189602866768837,0.9167882800102234,갈취 대화
0.3725905418395996,0.6873286962509155,0.015336627140641212,0.023459194228053093,0.6873286962509155,기타 괴롭힘 대화
0.9298751950263977,0.06944606453180313,0.026619059965014458,0.03198450431227684,0.9298751950263977,갈취 대화
0.012203694321215153,0.257055401802063,0.8338035941123962,0.027631815522909164,0.8338035941123962,직장 내 괴롭힘 대화
0.02527678944170475,0.9547521471977234,0.04163367301225662,0.04940101131796837,0.9547521471977234,기타 괴롭힘 대화
0.028655774891376495,0.9606500864028931,0.037806082516908646,0.05118563398718834,0.9606500864028931,기타 괴롭힘 대화
0.05483674257993698,0.04352525994181633,0.020968053489923477,0.9256967306137085,0.9256967306137085,협박 대화
0.8531535863876343,0.1509322077035904,0.01971098594367504,0.027589112520217896,0.8531535863876343,갈취 대화
0.028101982548832893,0.9570431113243103,0.03269621729850769,0.05167076364159584,0.9570431113243103,기타 괴롭힘 대화
0.06378640234470367,0.45540735125541687,0.008923621848225594,0.32848671078681946,0.45540735125541687,기타 괴롭힘 대화
0.9314186573028564,0.06412438303232193,0.035767100751399994,0.02810528501868248,0.9314186573028564,갈취 대화
0.894417941570282,0.053959980607032776,0.017513815313577652,0.07858021557331085,0.894417941570282,갈취 대화
0.03170999884605408,0.025661416351795197,0.9682338833808899,0.03987652808427811,0.9682338833808899,직장 내 괴롭힘 대화
0.01004947442561388,0.7135270237922668,0.18020395934581757,0.056806109845638275,0.7135270237922668,기타 괴롭힘 대화
0.03807029873132706,0.9494456648826599,0.02752276137471199,0.044998254626989365,0.9494456648826599,기타 괴롭힘 대화
0.032392002642154694,0.023427175357937813,0.96072918176651,0.04570677876472473,0.96072918176651,직장 내 괴롭힘 대화
0.02973875403404236,0.6491466760635376,0.020800352096557617,0.19127900898456573,0.6491466760635376,기타 괴롭힘 대화
0.7806802988052368,0.2281508445739746,0.01049861777573824,0.04082066938281059,0.7806802988052368,갈취 대화
0.11692605167627335,0.037091225385665894,0.7872093915939331,0.0177508182823658,0.7872093915939331,직장 내 괴롭힘 대화
0.025147810578346252,0.04035326838493347,0.9618141055107117,0.03167371079325676,0.9618141055107117,직장 내 괴롭힘 대화
0.04143095761537552,0.036212433129549026,0.02764088846743107,0.9535674452781677,0.9535674452781677,협박 대화
0.03328777849674225,0.025845985859632492,0.9659063816070557,0.03500848636031151,0.9659063816070557,직장 내 괴롭힘 대화
0.033469513058662415,0.01972300000488758,0.9528326392173767,0.054084789007902145,0.9528326392173767,직장 내 괴롭힘 대화
0.06597480922937393,0.9058150053024292,0.024864772334694862,0.04200736805796623,0.9058150053024292,기타 괴롭힘 대화
0.8357301354408264,0.1830584853887558,0.014167636632919312,0.029281090945005417,0.8357301354408264,갈취 대화
0.02237231470644474,0.8690124750137329,0.011110329069197178,0.2007157802581787,0.8690124750137329,기타 괴롭힘 대화
0.929434597492218,0.0715743750333786,0.030698340386152267,0.02980775386095047,0.929434597492218,갈취 대화
0.7555772066116333,0.03243943676352501,0.013735096901655197,0.256634384393692,0.7555772066116333,갈취 대화
0.030685748904943466,0.025680290535092354,0.9638137817382812,0.037794120609760284,0.9638137817382812,직장 내 괴롭힘 대화
0.04584727808833122,0.034469667822122574,0.03000825271010399,0.9476562738418579,0.9476562738418579,협박 대화
0.03380349650979042,0.023217644542455673,0.9549081921577454,0.04312388226389885,0.9549081921577454,직장 내 괴롭힘 대화
0.03176679089665413,0.019123651087284088,0.9521039724349976,0.05812406167387962,0.9521039724349976,직장 내 괴롭힘 대화
0.03036397136747837,0.9578267335891724,0.03838106244802475,0.04638464003801346,0.9578267335891724,기타 괴롭힘 대화
0.7967838644981384,0.21598219871520996,0.013037254102528095,0.043329931795597076,0.7967838644981384,갈취 대화
0.02039937861263752,0.8667934536933899,0.018142031505703926,0.13517428934574127,0.8667934536933899,기타 괴롭힘 대화
0.046574197709560394,0.0338439904153347,0.02345459535717964,0.9459730386734009,0.9459730386734009,협박 대화
0.044638872146606445,0.03189722076058388,0.03192310035228729,0.9420614838600159,0.9420614838600159,협박 대화
0.032998811453580856,0.9522091150283813,0.0300405602902174,0.05175063759088516,0.9522091150283813,기타 괴롭힘 대화
0.8444989323616028,0.19145895540714264,0.013838019222021103,0.030222104862332344,0.8444989323616028,갈취 대화
0.039637114852666855,0.04036998376250267,0.028295032680034637,0.9530143737792969,0.9530143737792969,협박 대화
0.2157181352376938,0.7891007661819458,0.023313472047448158,0.01867864280939102,0.7891007661819458,기타 괴롭힘 대화
0.02952934056520462,0.029347974807024002,0.9608988165855408,0.03614743426442146,0.9608988165855408,직장 내 괴롭힘 대화
0.9322084188461304,0.06269807368516922,0.030357472598552704,0.03291327506303787,0.9322084188461304,갈취 대화
0.02109534479677677,0.9300289154052734,0.06892324239015579,0.043635640293359756,0.9300289154052734,기타 괴롭힘 대화
0.02710792049765587,0.10006456077098846,0.01760919764637947,0.9031549692153931,0.9031549692153931,협박 대화
0.10474324971437454,0.3818082809448242,0.01957952417433262,0.09690629690885544,0.3818082809448242,기타 괴롭힘 대화
0.8697906136512756,0.06465080380439758,0.012984104454517365,0.08778570592403412,0.8697906136512756,갈취 대화
0.034457068890333176,0.06721530854701996,0.019969044253230095,0.9360308051109314,0.9360308051109314,협박 대화
0.030914079397916794,0.9558200240135193,0.03978254273533821,0.047862228006124496,0.9558200240135193,기타 괴롭힘 대화
0.03283616900444031,0.9514375329017639,0.03113142028450966,0.0471525676548481,0.9514375329017639,기타 괴롭힘 대화
0.03131060674786568,0.024837814271450043,0.9657115340232849,0.039354678243398666,0.9657115340232849,직장 내 괴롭힘 대화
0.02602962777018547,0.034710317850112915,0.9541583061218262,0.036528900265693665,0.9541583061218262,직장 내 괴롭힘 대화
0.02217651717364788,0.9466885328292847,0.04427727684378624,0.048637501895427704,0.9466885328292847,기타 괴롭힘 대화
0.022639494389295578,0.16452698409557343,0.012383528053760529,0.8455421924591064,0.8455421924591064,협박 대화
0.01555776596069336,0.24115249514579773,0.7027164101600647,0.03901572525501251,0.7027164101600647,직장 내 괴롭힘 대화
0.3256831765174866,0.7078854441642761,0.012190641835331917,0.03376331552863121,0.7078854441642761,기타 괴롭힘 대화
0.03328891471028328,0.023565329611301422,0.9657771587371826,0.03810221329331398,0.9657771587371826,직장 내 괴롭힘 대화
0.406064510345459,0.04515165463089943,0.008555838838219643,0.5303520560264587,0.5303520560264587,협박 대화
0.012210030108690262,0.6540860533714294,0.016554271802306175,0.40189114212989807,0.6540860533714294,기타 괴롭힘 대화
0.01664663851261139,0.8654192090034485,0.08397763222455978,0.05064414069056511,0.8654192090034485,기타 괴롭힘 대화
0.027650436386466026,0.2670022249221802,0.012041701935231686,0.6716623902320862,0.6716623902320862,협박 대화
0.032768599689006805,0.022999363020062447,0.9620547890663147,0.043167416006326675,0.9620547890663147,직장 내 괴롭힘 대화
0.03209054470062256,0.552864670753479,0.19067253172397614,0.018130578100681305,0.552864670753479,기타 괴롭힘 대화
0.03584124147891998,0.3402767777442932,0.10038956999778748,0.3241291046142578,0.3402767777442932,기타 괴롭힘 대화
0.028637271374464035,0.14465339481830597,0.016478735953569412,0.7184399962425232,0.7184399962425232,협박 대화
0.42836514115333557,0.5825186967849731,0.014487857930362225,0.02398458495736122,0.5825186967849731,기타 괴롭힘 대화
0.9014124274253845,0.039831195026636124,0.02048313058912754,0.07466080784797668,0.9014124274253845,갈취 대화
0.03197555989027023,0.04698386415839195,0.028140544891357422,0.9304202198982239,0.9304202198982239,협박 대화
0.7488349676132202,0.036108482629060745,0.01121894083917141,0.2856026291847229,0.7488349676132202,갈취 대화
0.08139877021312714,0.026489172130823135,0.019910724833607674,0.9262849688529968,0.9262849688529968,협박 대화
0.01824716106057167,0.7043584585189819,0.010463831014931202,0.3950682282447815,0.7043584585189819,기타 괴롭힘 대화
0.027682747691869736,0.9575873613357544,0.04475307837128639,0.04407322779297829,0.9575873613357544,기타 괴롭힘 대화
0.02381097711622715,0.9564420580863953,0.036226898431777954,0.05556005984544754,0.9564420580863953,기타 괴롭힘 대화
0.9125499129295349,0.08151774108409882,0.018563002347946167,0.040596853941679,0.9125499129295349,갈취 대화
0.4704810678958893,0.08598022162914276,0.0065448712557554245,0.33492544293403625,0.4704810678958893,갈취 대화
0.026827076449990273,0.04705285653471947,0.9557082653045654,0.029889553785324097,0.9557082653045654,직장 내 괴롭힘 대화
0.03455686941742897,0.014618211425840855,0.9077380299568176,0.10837602615356445,0.9077380299568176,직장 내 괴롭힘 대화
0.03751479834318161,0.07124486565589905,0.018166523426771164,0.8937925696372986,0.8937925696372986,협박 대화
0.025656376034021378,0.9495509266853333,0.025179708376526833,0.07163337618112564,0.9495509266853333,기타 괴롭힘 대화
0.030468156561255455,0.9434582591056824,0.034567736089229584,0.050578054040670395,0.9434582591056824,기타 괴롭힘 대화
0.6694338917732239,0.027344975620508194,0.012548672035336494,0.37781885266304016,0.6694338917732239,갈취 대화
0.09608239680528641,0.02658727578818798,0.02067188173532486,0.9193880558013916,0.9193880558013916,협박 대화
0.12927787005901337,0.887024998664856,0.02242957428097725,0.03336620330810547,0.887024998664856,기타 괴롭힘 대화
0.02737380936741829,0.9498425722122192,0.03878873214125633,0.05510110408067703,0.9498425722122192,기타 괴롭힘 대화
0.07806302607059479,0.03388645499944687,0.0214901901781559,0.9392808079719543,0.9392808079719543,협박 대화
0.013899222016334534,0.7977663278579712,0.10871551930904388,0.04491562396287918,0.7977663278579712,기타 괴롭힘 대화
0.03288968279957771,0.9193852543830872,0.039283156394958496,0.050028685480356216,0.9193852543830872,기타 괴롭힘 대화
0.034503377974033356,0.022451939061284065,0.9654644727706909,0.041934747248888016,0.9654644727706909,직장 내 괴롭힘 대화
0.02559146098792553,0.955848217010498,0.02881106734275818,0.06495209038257599,0.955848217010498,기타 괴롭힘 대화
0.04918035492300987,0.029593441635370255,0.028624705970287323,0.947672963142395,0.947672963142395,협박 대화
0.032642342150211334,0.022972023114562035,0.962696373462677,0.04188227653503418,0.962696373462677,직장 내 괴롭힘 대화
0.03005899302661419,0.9545478820800781,0.02769394963979721,0.05368247255682945,0.9545478820800781,기타 괴롭힘 대화
0.815694272518158,0.1780821979045868,0.019956761971116066,0.02394857630133629,0.815694272518158,갈취 대화
0.022363921627402306,0.036919306963682175,0.9548971056938171,0.050583694130182266,0.9548971056938171,직장 내 괴롭힘 대화
0.036520492285490036,0.03935197368264198,0.029307184740900993,0.9466963410377502,0.9466963410377502,협박 대화
0.032052889466285706,0.01975327916443348,0.9513449668884277,0.05937373265624046,0.9513449668884277,직장 내 괴롭힘 대화
0.03416391834616661,0.025734752416610718,0.9641209244728088,0.036356814205646515,0.9641209244728088,직장 내 괴롭힘 대화
0.055489152669906616,0.8167473673820496,0.04819372668862343,0.019985683262348175,0.8167473673820496,기타 괴롭힘 대화
0.19248750805854797,0.47962486743927,0.050156448036432266,0.015419447794556618,0.47962486743927,기타 괴롭힘 대화
0.04923334717750549,0.04038562998175621,0.0211129579693079,0.9440730214118958,0.9440730214118958,협박 대화
0.03524397686123848,0.026858849450945854,0.9603713154792786,0.03239232674241066,0.9603713154792786,직장 내 괴롭힘 대화
0.017362268641591072,0.5266665816307068,0.013294938951730728,0.539518415927887,0.539518415927887,협박 대화
0.011473668739199638,0.5381404161453247,0.5436307787895203,0.023541733622550964,0.5436307787895203,직장 내 괴롭힘 대화
0.871722400188446,0.10613270848989487,0.023197611793875694,0.028517361730337143,0.871722400188446,갈취 대화
0.03170688822865486,0.025805192068219185,0.9671612977981567,0.038159824907779694,0.9671612977981567,직장 내 괴롭힘 대화
0.011994403786957264,0.4359525740146637,0.16282153129577637,0.08777272701263428,0.4359525740146637,기타 괴롭힘 대화
0.9234685301780701,0.06664908677339554,0.02107062377035618,0.044460371136665344,0.9234685301780701,갈취 대화
0.3139050602912903,0.030950862914323807,0.012666505761444569,0.7104958891868591,0.7104958891868591,협박 대화
0.019706301391124725,0.061097152531147,0.09936532378196716,0.7372111678123474,0.7372111678123474,협박 대화
0.9307364225387573,0.03602774441242218,0.026552651077508926,0.06500928103923798,0.9307364225387573,갈취 대화
0.22314074635505676,0.022296972572803497,0.03655165433883667,0.8110175132751465,0.8110175132751465,협박 대화
0.011451948434114456,0.38196152448654175,0.6770032048225403,0.02638765051960945,0.6770032048225403,직장 내 괴롭힘 대화
0.03211399167776108,0.02484668418765068,0.9670642018318176,0.03983662277460098,0.9670642018318176,직장 내 괴롭힘 대화
0.0685148760676384,0.9351315498352051,0.023461494594812393,0.03354092687368393,0.9351315498352051,기타 괴롭힘 대화
0.029336459934711456,0.33480414748191833,0.407082200050354,0.01867346465587616,0.407082200050354,직장 내 괴롭힘 대화
0.02308451011776924,0.04129742830991745,0.9553548693656921,0.03560846671462059,0.9553548693656921,직장 내 괴롭힘 대화
0.03264633193612099,0.16956827044487,0.04029087349772453,0.7038692235946655,0.7038692235946655,협박 대화
0.0422528013586998,0.03579789772629738,0.029977982863783836,0.9529961943626404,0.9529961943626404,협박 대화
0.03059997223317623,0.025706607848405838,0.9655379056930542,0.04074066877365112,0.9655379056930542,직장 내 괴롭힘 대화
0.8911920189857483,0.11903870105743408,0.023541629314422607,0.024316685274243355,0.8911920189857483,갈취 대화
0.04127391427755356,0.03326539695262909,0.03179502114653587,0.9546337127685547,0.9546337127685547,협박 대화
0.02553539164364338,0.9349691867828369,0.04359930753707886,0.04446055367588997,0.9349691867828369,기타 괴롭힘 대화
0.041699714958667755,0.048496313393116,0.02343209646642208,0.9299085140228271,0.9299085140228271,협박 대화
0.033603038638830185,0.02440759167075157,0.9646709561347961,0.038690730929374695,0.9646709561347961,직장 내 괴롭힘 대화
0.92259281873703,0.07815436273813248,0.02335742488503456,0.032430168241262436,0.92259281873703,갈취 대화
0.05712578445672989,0.9338291883468628,0.023660771548748016,0.04438662901520729,0.9338291883468628,기타 괴롭힘 대화
0.05788259580731392,0.5315548777580261,0.14717711508274078,0.016826491802930832,0.5315548777580261,기타 괴롭힘 대화
0.035830575972795486,0.021206431090831757,0.9596100449562073,0.042651932686567307,0.9596100449562073,직장 내 괴롭힘 대화
0.2661997973918915,0.20683223009109497,0.015270289964973927,0.16220752894878387,0.2661997973918915,갈취 대화
0.03258538618683815,0.9575693011283875,0.034260690212249756,0.04499347135424614,0.9575693011283875,기타 괴롭힘 대화
0.9214156866073608,0.07426676899194717,0.02638269029557705,0.03026321902871132,0.9214156866073608,갈취 대화
0.07738498598337173,0.033131252974271774,0.01918216422200203,0.9154602885246277,0.9154602885246277,협박 대화
0.7194159626960754,0.10415482521057129,0.010174660012125969,0.12128814309835434,0.7194159626960754,갈취 대화
0.025155216455459595,0.9556503295898438,0.04151158034801483,0.05282169207930565,0.9556503295898438,기타 괴롭힘 대화
0.022962063550949097,0.9379075765609741,0.07673047482967377,0.0345759242773056,0.9379075765609741,기타 괴롭힘 대화
0.042066093534231186,0.6398932933807373,0.07349037379026413,0.059894055128097534,0.6398932933807373,기타 괴롭힘 대화
0.09509442746639252,0.31815165281295776,0.013104844838380814,0.3973488211631775,0.3973488211631775,협박 대화
0.048666812479496,0.07938864082098007,0.012765412218868732,0.8567875623703003,0.8567875623703003,협박 대화
0.0165902990847826,0.9151582717895508,0.031570710241794586,0.09202632308006287,0.9151582717895508,기타 괴롭힘 대화
0.16550658643245697,0.28093376755714417,0.0395875908434391,0.09255079180002213,0.28093376755714417,기타 괴롭힘 대화
0.06409860402345657,0.0273054838180542,0.023087477311491966,0.9435718059539795,0.9435718059539795,협박 대화
0.8215636610984802,0.21309901773929596,0.019097693264484406,0.024786977097392082,0.8215636610984802,갈취 대화
0.9365532398223877,0.049870267510414124,0.026794668287038803,0.04798940196633339,0.9365532398223877,갈취 대화
0.03330887481570244,0.024553809314966202,0.9657842516899109,0.03851565718650818,0.9657842516899109,직장 내 괴롭힘 대화
0.07456798106431961,0.06702649593353271,0.28324297070503235,0.0447029210627079,0.28324297070503235,직장 내 괴롭힘 대화
0.9169527292251587,0.08622962981462479,0.025129545480012894,0.029461175203323364,0.9169527292251587,갈취 대화
0.037958089262247086,0.024056514725089073,0.1454753428697586,0.743308424949646,0.743308424949646,협박 대화
0.061257343739271164,0.030713453888893127,0.02142322063446045,0.9383187294006348,0.9383187294006348,협박 대화
